2179,27FA1,27 Four Active Equity Fund A1,20100630,26.84,24.12,46.09,0.00,0.26,0,2.67,0,0,0,0
1586,MNFO,36One Flexible Opportunity Fund ,20100630,6.99,19.88,60.29,0.00,0,0,1.09,0,11.19,0,0.56
1586,TSFA,36One Flexible Opportunity Fund A1,20100630,6.99,19.88,60.29,0.00,0,0,1.09,0,11.19,0,0.56
1587,MNTR,36One Target Return Fund ,20100630,0,15.66,60.65,0.00,0,2.24,9.25,0,13.92,0,0.51
1610,M4IA,4i Absolute Return Fund of Funds A,20100630,5.35,5.55,8.11,0.00,6.61,10.76,58.43,2.83,2.81,0,-0.78
1611,M4IB,4i Balanced Fund of Funds A,20100630,15.19,15.11,22.93,0.00,2.99,9.9,29.75,2.77,1.09,0,-0.24
1922,M4IO,4i Opportunity Fund A,20100630,23.77,25.95,35.33,0.00,0.04,1.38,13.14,0,0.5,0,-0.18
1612,M4IS,4i Stable Fund of Funds A,20100630,8.33,8.7,12.56,0.00,4.39,10.47,50.78,2.74,2.28,0,-0.59
1837,ABAF,Absa Absolute Fund ,20100630,3.64,10.49,15.17,0.00,7.8,36.31,28.93,0,0,0,6.01
286,ABSE,Absa Allrounder Fund of Funds ,20100630,19.34,5.36,20.81,0.01,18.69,1.79,15.1,16.06,0.49,0,1.53
62,ABSB,Absa Balanced Fund R,20100630,10.54,12.73,30.51,0.00,1.26,17.36,30.24,0,0,0,4.22
62,ABBF,Absa Balanced Fund A,20100630,10.54,12.73,30.51,0.00,1.26,17.36,30.24,0,0,0,4.22
991,ABBA,Absa Bond Fund A,20100630,0,0,0,0.00,0,91.71,8.28,0,0,0,0
1419,ABCF,Absa Cautious Fund of Funds A,20100630,3.4,-1.14,5.13,0.00,0.3,3.97,28.06,8,0.07,0,1.7
1186,ABFI,Absa Dividend Income Fund A,20100630,0,0,0,0.00,0,0,100,0,0,0,0
1841,ABEI,Absa Euro Income Fund ,20100630,0,0,0,0.00,0,0,0,0,0,0,100
334,ABFF,Absa Flexible Fund ,20100630,33.91,9,35.64,0.00,7.85,0,13.93,0,0,0,0.02
2142,ABFCA,Absa Fundisa Fund A,20100630,0,0,0,0.00,0,91.18,8.81,0,0,0,0
42,ABSA,Absa General Fund R,20100630,27.54,14.16,56.51,0.00,0,1.82,1.79,0,0,0,0
699,ABDB,Absa Global Bond Fund A,20100630,0,0,0,0.00,0,0,1.14,0,65.5,0,33.35
255,ABSG,Absa Growth Fund of Funds ,20100630,28.95,13.25,31.33,0.13,0.95,0,6.2,19.67,0,0,0
53,ABSC,Absa Income Enhancer Fund A,20100630,0,0,0,0.00,0,0.97,99.03,0,0,0,0
1284,ABIB,Absa Inflation Beater Fund A,20100630,1.27,1.13,7.72,0.00,2.91,56,33.54,0,0,0,0
74,ABST,Absa International Fund R,20100630,0.88,0,0,0.00,0,0,1.59,88.62,0,0,8.9
74,ABIF,Absa International Fund A,20100630,0.88,0,0,0.00,0,0,1.59,88.62,0,0,8.9
1374,ABOF,Absa International Fund of Funds ,20100630,0,0,0,0.00,0,0,1.15,81.26,17.52,0,0.04
1878,AMC3,Absa Managed CPI + 3% Fund of Funds A,20100630,1.19,0.74,2.65,0.01,4.75,20.29,46.54,4.2,0,0,0
1879,AMC4,Absa Managed CPI + 4% Fund of Funds A,20100630,1.58,0.98,3.51,0.01,4,26.56,31.88,5.46,0,0,0
1880,AMC5,Absa Managed CPI + 5% Fund of Funds A,20100630,1.85,1.13,4.1,0.02,2.94,31.03,21.63,6.89,0,0,0
1881,AMC6,Absa Managed CPI + 6% Fund of Funds A,20100630,2.35,1.45,5.23,0.02,2.51,23.89,16.87,8.9,0,0,0
1882,AMC7,Absa Managed CPI + 7% Fund of Funds A,20100630,2.93,1.82,6.52,0.03,2.11,18.06,9.13,10.44,0,0,0.55
2285,AMFCA,Absa Managed Fund A,20100630,16.71,9.06,26.51,0.00,0,16.63,25.88,2.19,0,0,1.47
124,ABMM,Absa Money Market Fund ,20100630,0,0,0,0.00,0,0,100,0,0,0,0
1840,ABPS,Absa Pound Sterling Income Fund ,20100630,0,0,0,0.00,0,0,5.6,0,0,0,94.39
1674,ABPE,Absa Property Equity Fund ,20100630,0,0,0,0.00,94.87,0,5.12,0,0,0,0
1528,ABPF,Absa Prudential Fund of Funds ,20100630,18.77,6.73,21.13,0.02,13.05,2.86,20.34,13.97,0.71,0,1.51
1373,ABRF,Absa Rand Protector Fund ,20100630,50.33,9.3,33.13,0.00,1.64,0,5.58,0,0,0,0
1400,ASEF,Absa Select Equity Fund ,20100630,24.33,15.07,54.09,0.23,0.54,0,5.72,0,0,0,0
1839,ABUD,Absa US Dollar Income Fund ,20100630,0,0,0,0.00,0,0,0,0,0,0,100
2177,MADB,ADB Balanced Fund of Funds ,20100630,26.73,10.79,34.81,0.02,0.57,5.9,18.25,0.15,0,0,2.27
2178,MADF,ADB Flexible Prudential Fund of Funds ,20100630,17.37,7.33,28.26,0.02,0.52,6.51,34.93,0.11,0,0,3.65
1956,ADMA1,Advantage Money Market Fund A1,20100630,0,0,0,0.00,0,0,100,0,0,0,0
1946,ADRFA,Advantage Real Return Core Fund A,20100630,0,0,64.16,0.00,0.39,0,35.44,0,0,0,0
2292,ABRA,Aeon Absolute Return Fund A,20100630,9.44,3.72,6.31,0.00,0.29,3.93,76.62,0,0,0,0
2211,MARI,AIMS Real Income Fund of Funds ,20100630,9.09,1.99,9.63,0.00,2.84,27.17,40.86,0.05,2.16,0,5.74
1582,ISAF,Alexander Forbes Aggressive Fund of Funds ,20100630,5.29,3.49,7.55,0.00,10.15,15.78,3.08,3.9,0,0,1.66
1581,ISBF,Alexander Forbes Balanced Fund of Funds ,20100630,6.88,4.27,9.81,0.00,5.15,27.59,11.07,3.84,0,0,6.25
1583,ISCF,Alexander Forbes Conservative Fund of Funds ,20100630,4.01,1.95,5.72,0.00,0.9,32.17,14.9,19.78,0,0,8.48
1584,ISMF,Alexander Forbes Moderate Fund of Funds ,20100630,3.87,1.9,5.53,0.00,3.06,26.74,11.03,19.73,0,0,6.73
1665,AFMA,Alexander Forbes Moderately Aggressive Fund of Funds ,20100630,5.77,3.55,8.24,0.00,8.03,21.56,7.76,3.95,0,0,4.21
331,AGBF,Allan Gray Balanced Fund A,20100630,14.83,6.57,24.2,0.01,0.3,9.62,20.87,18.87,0,0,1.04
1454,AGBD,Allan Gray Bond Fund A,20100630,0,0,0,0.00,0,85.09,14.91,0,0,0,0
244,AGEF,Allan Gray Equity Fund A,20100630,31.34,12.56,46.47,0.00,0,0,4.05,0,0,0,0
750,AGMF,Allan Gray Money Market Fund A,20100630,0,0,0,0.00,0,0,100,0,0,0,0
1263,AGOF,Allan Gray Optimal Fund A,20100630,42.1,17.5,28.57,0.00,0.2,0,18.1,0.3,0,0,0
543,AGSF,Allan Gray Stable Fund A,20100630,6.35,4.05,10.46,0.00,0.17,6.86,49.2,18.35,0,0,1.54
1508,AGOE,Allan Gray-Orbis Global Equity Feeder Fund A,20100630,0,0,0,0.00,0,0,0.03,99.97,0,0,0
863,AGGF,Allan Gray-Orbis Global Fund of Funds A,20100630,0,0,0,0.00,0,0,0.45,93.1,0,0,6.45
2284,AGOO,Allan Gray-Orbis Global Optimal Fund of Funds ,20100630,0,0,0,0.00,0,0,1.51,85.08,0,0,13.4
2199,AEBF,Alphen Equity Builder Fund A,20100630,38.85,20.73,34.86,0.00,3.63,0.8,1.92,0,0,0,0
2095,MACF,Amity Conserver Fund of Funds ,20100630,5.65,-0.98,11.35,0.00,1.57,19.86,44.42,12.95,0.97,0,2.6
2096,MAFG,Amity Flexible Growth Fund of Funds ,20100630,19.89,14.66,35.76,0.00,2.88,7.84,1.89,18.21,0.63,0,0.36
2097,MAPF,Amity Prudent Fund of Funds ,20100630,10.62,6.45,20.36,0.01,3.53,24.68,16.54,13.88,2.89,0,1.01
272,NRFB,Analytics Balanced Fund of Funds A,20100630,0,10.47,54.03,0.00,11.9,0,5.08,9.84,0,0,5.06
1261,FFCA,Analytics Cautious Fund of Funds A,20100630,0,2.24,11.76,0.00,5.37,15.51,33.69,7.83,0,0,4.1
273,NRFF,Analytics Flexible Fund of Funds A,20100630,0,3.1,15.98,0.00,0,0,1.7,72.6,0,0,6.61
557,FEWS,Analytics Managed Equity Fund A,20100630,0,15.86,81.79,0.00,0,0.15,2.85,1.02,0,0,0
751,IPFF,Analytics Moderate Fund of Funds A,20100630,0,8.05,41.54,0.00,8.33,6.9,12.01,8.95,0,0,4.78
118,CMBF,Anglorand Growth Fund ,20100630,10.63,11.26,12.88,0.00,0,0,40.41,0,0,0,24.81
1409,MTFF,Ankh Foreign Flexible Fund of Funds A,20100630,0,0,0,0.00,0,0,0.3,60.06,0,0,39.62
2217,MAPR,Ankh Prudential Fund ,20100630,4.21,21.36,9.23,0.00,0,4.12,65.2,0,0,0,19.39
2217,MAPA,Ankh Prudential Fund A,20100630,4.21,21.36,9.23,0.00,0,4.12,65.2,0,0,0,19.39
1593,ANFF,Ankh Stable Fund A,20100630,0,19.55,7.95,0.00,0,8.75,85.24,0,0,0,3.79
1732,ACCA,APS Cautious Fund of Funds A,20100630,3.22,2.31,9,0.03,4.6,5.73,48.03,4.94,0,0,2.66
1733,AMGA,APS Managed Growth Fund of Funds A,20100630,12.93,9.28,35.16,0.11,12.02,0.67,9.96,7.43,0,0,3.05
1734,AMCA,APS Moderate Fund of Funds A,20100630,9.3,6.67,25.33,0.08,9.22,1.82,20.97,9.5,0,0,2.43
1762,MASA,AS Forum Aggressive Fund of Funds ,20100630,17.61,12.68,31.95,0.07,8.45,5.06,8.04,14.29,0.41,0,0.73
1761,MAFC,AS Forum Cautious Fund of Funds ,20100630,7.11,5.96,12.74,0.03,8.26,20.92,32.5,8.56,2.12,0,1.92
1763,MASM,AS Forum Moderate Fund of Funds ,20100630,13.87,10.15,25.27,0.06,10.68,13.25,11.53,12.77,0.15,0,1.79
2200,ACPF,Atlantic Cash Plus Fund ,20100630,0,0,0,0.00,0,0,100,0,0,0,0
2019,AEIF,Atlantic Enhanced Income Fund A,20100630,0,0,1.1,0.00,4.5,25.74,69.74,0,0,0,0
2201,ARIF,Atlantic Real Income Fund ,20100630,5.99,1.95,5.13,0.00,6.06,37.3,43.77,0,0,0,0
1531,MADE,Avocado Defensive Fund of Funds A,20100630,3.38,10.58,3.04,0.00,25.53,0,55.59,2.38,0,0,0.05
1530,MADY,Avocado Dynamic Fund of Funds A,20100630,2.92,13.29,11.78,0.02,1.42,0,70.55,0,0,0,0
1717,AYEFA3,Aylett Equity Fund A3,20100630,0,0,93.76,0.00,0,0,5.02,1.21,0,0,0
1715,MBMF,Baroque Moderato Fund of Funds ,20100630,15.71,6.87,23.82,0.01,6.21,11.29,35.57,0.21,0.1,0,0.11
2006,MBAB,Bastion Absolute Return Fund of Funds ,20100630,19.51,12.04,23.12,0.00,2.16,13.09,27.1,5.61,0.6,0,0.78
2007,MBMO,Bastion Moderate Fund of Funds ,20100630,10.26,9.23,24.22,0.01,4.82,10.52,22.7,17.27,0.28,0,1.8
2009,MBWO,Bastion Worldwide Flexible Fund of Funds ,20100630,10.07,6.69,17.09,0.01,0.31,0.62,10.67,51.36,0.41,0,4.69
2256,BIPINF,Bips Government Inflation-Linked Fund (Inflation-X) ,20100630,0,0,0,0.00,0,99.65,0.34,0,0,0,0
2184,BIPS40,Bips Top 40 Portfolio ,20100630,48.75,17.58,32.17,0.00,1.49,0,0,0,0,0,0
2023,BJBA2,BJM Bond Fund B1,20100630,0,0,0,0.00,0,88.77,11.22,0,0,0,0
2021,BCEA2,BJM Core Equity Fund B1,20100630,15.73,8.69,46.32,0.06,1.86,0.22,4.11,6.12,0,0,14.61
2022,BIFA2,BJM Income Fund B1,20100630,0,0.06,1.3,0.00,2.18,73.68,10.81,0,0,0,13.26
2024,BJPA2,BJM Property Fund B1,20100630,4.37,-4.36,0,0.00,78.39,0,21.6,0,0,0,0
2026,BPFA2,BJM Prudential Flexible Fund B1,20100630,4.68,5.43,23.27,0.04,4.76,16.7,23.91,7.34,0,0,13.09
1614,MBAS,BlueAlpha All Seasons Fund ,20100630,18,15.2,31.84,0.00,0,0,17.43,17.7,0,0,0
2261,BRMF,Brackenham Managed Fund ,20100630,12.05,31.73,22.2,0.00,0,3.56,34.01,19.58,0,0,0
1606,AHAY,Cadiz Absolute Yield Fund A,20100630,0,0.02,0,0.00,4.77,41.38,53.84,0,0,0,0
1564,CCEL,Cadiz Equity Ladder Fund ,20100630,35.78,22.6,29.16,0.00,0.79,0,17.66,0,0,0,0
1613,CCIP,Cadiz Inflation Plus Fund ,20100630,14.93,11.59,21.5,0.00,5.18,12.45,40.68,0,0,0,0
1607,AHBF,Cadiz Managed Flexible Fund A,20100630,18.37,16.69,30.51,0.00,4.49,7.59,21.69,0,0,0,0
1609,AHMF,Cadiz Mastermind Fund A,20100630,24.58,23.2,49.82,0.00,0.3,0,2.09,0,0,0,0
1618,AFMM,Cadiz Money Market Fund ,20100630,0,0,0,0.00,0,0,100,0,0,0,0
1688,CCCF,Cannon Core Companies Fund ,20100630,38.98,24.31,36.26,0.00,0,0,0.45,0,0,0,0
1565,MCEF,Cannon Equity Fund ,20100630,35.27,20.36,39.87,0.57,1.78,0,2.14,0,0,0,0
1517,CAEF,Capstone Active Equity Fund of Funds ,20100630,11.8,54.94,25.62,0.18,0.37,0.43,3.37,2.14,1.05,0,0.58
1999,MPCF,Capstone Flexible Fund of Funds ,20100630,5.46,15.34,59.93,0.12,0.81,1.19,9.03,0,8.52,0,0.38
2102,MSFB,Carinus Strydom CS Flexible Fund of Funds B,20100630,16.75,10.34,30.96,0.03,1.72,8.24,15.11,14.34,0.48,0,1.91
2103,MCSB,Carinus Strydom CS Prudential Fund of Funds B,20100630,12.31,6.83,23.03,0.00,1.64,14.71,23.59,12.97,1.58,0,2.47
2251,CGRF,Catalyst Global Real Estate Feeder Fund ,20100630,0,0,0,0.00,0,0,4.99,94.99,0,0,0.01
1509,CSPEF,Catalyst SA Property Equity Fund A,20100630,0,0,0,0.00,93.66,0,2.8,3.53,0,0,0
1873,MCEC,Celtis Conservative Fund of Funds A,20100630,8.32,5.89,16.21,0.05,8.23,18.47,36.53,4.73,1.82,0,1.08
1874,MCEL,Celtis Flexible Fund of Funds A,20100630,17.43,11.11,32.6,0.11,9.91,1.12,8.96,16.01,0.7,0,0.22
1489,MCFM,Centaur Flexible Fund ,20100630,10.57,19.62,50.64,0.00,9,4.33,5.82,0,0,0,0
2061,CFFB8,Central Fundisa Fund B8,20100630,0,0,0,0.00,0,98.73,1.26,0,0,0,0
2124,MCCF,Clade Cash Flow Weighted Equity Fund ,20100630,44.05,17.5,32.9,0.00,0,0,5.55,0,0,0,0
282,CGMI,Community Gilt Fund A,20100630,0,0,0,0.00,0,97.28,2.71,0,0,0,0
49,CGMG,Community Growth Fund A,20100630,27.82,23.01,44.2,0.00,0,1.38,4.97,0,0,0,0
1160,CGMF,Community Growth Money Market Fund ,20100630,0,0,0,0.00,0,0,100,0,0,0,0
1876,MCOF,Consilium Flexible Fund A,20100630,10.1,25.03,40.61,0.00,9.98,9.75,10.46,16.84,0,0,0.01
2101,CCWF,Consilium Worldwide Flexible Fund ,20100630,0,4.3,0,0.00,0,0,6.1,62.52,0,0,27.07
1625,MCDI,Contego B2 Protected Income Fund ,20100630,9.25,5.46,17.83,0.00,5.95,48.89,24.04,0,0,0,0
1557,CPEP,Contego B5 Protected Equity Portfolio ,20100630,41.59,19.58,30.31,0.00,0,0,9.69,0,0,0,0
1624,MCBB,Contego B6 Protected Balanced Fund ,20100630,29.67,14.39,21.78,0.00,6.89,8.28,1.69,16.34,0,0,1.83
347,GIGE,Coris Capital General Equity Fund A,20100630,30.31,35.55,32.18,0.00,1.03,0.05,2.92,0.17,0,0,0
1498,CCIB,Coris Capital International Bond Feeder Fund A,20100630,0,0,0,0.00,0,0,5.44,0,94.33,0,0.22
654,GIIE,Coris Capital International Equity Fund of Funds A,20100630,0,0,0,0.00,0,0,10.49,88.5,0,0,1
1497,CCIV,Coris Capital International Value Fund of Funds A,20100630,0,0,0,0.00,0,0,4.46,94.48,0,0,1.05
1323,CAFA,Coronation Absolute Fund A,20100630,7.89,13.82,43.3,0.00,4.71,15.19,5.44,17.49,0.52,0,0.39
1906,COBA,Coronation Balanced Defensive Fund A,20100630,2.87,4.73,13.38,0.00,3.28,43.35,24.06,7.24,2.59,0,0
10,CORB,Coronation Balanced Plus Fund A,20100630,13.63,7.55,27.34,0.00,5.96,18.24,8.73,18.54,0,0,0
142,CNSB,Coronation Bond Fund R,20100630,0,0,0,0.00,0,98.88,1.11,0,0,0,0
754,CCPF,Coronation Capital Plus Fund A,20100630,5.73,6.77,27.96,0.00,3.49,36.19,9.94,14.43,1.79,0,0
1370,CCFP,Coronation Cash Plus Fund A,20100630,0,0,0,0.00,0,45.56,54.44,0,0,0,0
1907,CODA,Coronation Dynamic Protector Fund A,20100630,16.5,9.05,33.46,0.00,0.71,7.44,32.81,0,0,0,0
14,CORG,Coronation Equity Fund R,20100630,28.71,14.87,53.26,0.00,1.65,0,1.5,0,0,0,0
14,CORA,Coronation Equity Fund A,20100630,28.71,14.87,53.26,0.00,1.65,0,1.5,0,0,0,0
185,CNFG,Coronation Financial Fund A,20100630,0,91.14,1.7,0.00,6.06,0,1.09,0,0,0,0
2087,CGEM,Coronation Global Emerging Markets Flexible Fund ,20100630,0,0,10.62,0.00,0,0,0.42,87.03,0,0,1.92
2266,COGM,Coronation Global Managed Fund A,20100630,0,0,0,0.00,0,0,1.91,82.46,1.18,0,14.42
370,CIMF,Coronation Income Fund ,20100630,0,0,0,0.00,0,55.2,44.79,0,0,0,0
186,CNCG,Coronation Industrial Fund ,20100630,5.73,1.99,91.22,0.00,0,0,1.04,0,0,0,0
2162,COLA,Coronation Latitude (ZAR) Fund A,20100630,0,0,0,0.00,2.33,0,-0.23,57.2,4.68,0,36.01
753,CMPF,Coronation Market Plus Fund A,20100630,12.9,7.7,37,0.00,6.48,24.91,1.23,17.31,1.46,0,0.22
327,CMMF,Coronation Money Market Fund ,20100630,0,0,0,0.00,0,21.06,78.93,0,0,0,0
2280,COICA,Coronation Optimal Income Fund A,20100630,21.72,14.32,46.48,0.00,1.04,23.2,15.68,0,0,0,0
298,CNOG,Coronation Optimum Growth Fund A,20100630,0,6.04,8.92,0.00,0,0,1.65,83.4,1.59,0,4.42
1769,CPSA,Coronation Preference Share Fund A,20100630,0,0,99.08,0.00,0,96.89,0.92,0,0,0,0
706,CPEF,Coronation Property Equity Fund A,20100630,0,-0.01,2.65,0.00,94.41,0,2.92,0,0,0,0.01
325,CCGF,Coronation Resources Fund A,20100630,74.15,3,2.53,0.00,0,0,1.37,18.22,0,0,0.73
1397,SCPF,Coronation SA Capital Plus Fund A,20100630,9.55,4.5,33.89,0.00,5.03,44.77,5.28,0,0,0,0
134,COSG,Coronation Smaller Companies Fund R,20100630,8.45,5.53,67.92,2.47,1.91,0,13.71,0,0,0,0
765,CSIF,Coronation Strategic Income Fund A,20100630,0,0,4.45,0.00,4.46,71.86,18.86,0,4.81,0,0
668,CNTF,Coronation Top 20 Fund A,20100630,31.22,17.28,50.93,0.00,0,0,0.56,0,0,0,0
140,CNIG,Coronation World Equity (ZAR) Fund of Funds A,20100630,0,0,1.05,0.00,0,0,2.19,96.53,0,0,0.21
1596,DBXEU,db x-trackers DJ Eurostoxx 50 Index ETF ,20100630,0,0,0,0.00,0,0,0,100,0,0,0
1595,DBXUK,db x-trackers FTSE 100 Index ETF ,20100630,0,0,0,0.00,0,0,0,99.99,0,0,0
2112,DBXJP,db x-trackers MSCI Japan Index ETF ,20100630,0,0,0,0.00,0,0,0,100,0,0,0
2118,DBXUS,db x-trackers MSCI USA Index ETF ,20100630,0,0,0,0.00,0,0,0,100,0,0,0
2119,DBXWD,db x-trackers MSCI World Index ETF ,20100630,0,0,0,0.00,0,0,0,100,0,0,0
1538,MDCF,Dinamika Conservative Fund of Funds ,20100630,6.33,3.71,11.89,0.02,10.81,19.31,34.71,9.21,3.02,0,1.95
2039,DARF,Discovery Absolute Return Fund ,20100630,1.24,4.87,0.63,0.00,0,4.37,90.83,0,0,0,0
2040,DBFD,Discovery Balanced Fund A,20100630,11.19,16.05,19.82,0.00,4.64,18.57,11.99,17.72,0,0,0
2041,DDIF,Discovery Diversified Income Fund ,20100630,0,0,0,0.00,3.97,66.2,29.82,0,0,0,0
2042,DIEF,Discovery Equity Fund A,20100630,26.92,9.31,44.61,0.00,3.93,0,2.02,9.73,0,0,0.47
2043,DFPF,Discovery Flexible Property Fund A,20100630,0,0,0,0.00,85.1,0,9.86,4.99,0,0,0.03
2044,DGBF,Discovery Global Balanced Fund of Funds ,20100630,0,0,0,0.00,0,0,1.65,63.59,30.96,0,3.78
2052,DGEF,Discovery Global Equity Feeder Fund ,20100630,0,0,0,0.00,0,0,0.9,99.09,0,0,0
2045,DMMF,Discovery Money Market Fund ,20100630,0,0,0,0.00,0,0,99.99,0,0,0,0
2053,DTR10,Discovery Target Retirement 2010 Fund ,20100630,9.97,10.31,12.6,0.00,0,32.93,19.17,4.67,0,0,15.14
2054,DTR15,Discovery Target Retirement 2015 Fund ,20100630,9.59,11.38,14.37,0.00,0,32.91,18.31,5.25,0,0,13.53
2055,DTR20,Discovery Target Retirement 2020 Fund ,20100630,11.16,11.12,15.29,0.00,0,27.66,21.92,4.25,0,0,13.3
2056,DTR25,Discovery Target Retirement 2025 Fund ,20100630,14.21,13.23,17.42,0.00,0,27.83,14.09,4.35,0,0,14.31
2057,DTR30,Discovery Target Retirement 2030 Fund ,20100630,15.66,13.52,17.82,0.00,0,24.53,14.9,5.15,0,0,13.83
2058,DTR35,Discovery Target Retirement 2035 Fund ,20100630,18.49,14,18.74,0.00,0,23.49,10.13,5.08,0,0,15.01
2059,DTR40,Discovery Target Retirement 2040 Fund ,20100630,22.07,14.97,24.66,0.00,0,18.34,3.95,4.85,0,0,15.63
2212,MDCA,Dotport Cautious Fund of Funds ,20100630,6.72,4.07,11.79,0.08,4.28,9.87,54.59,3.19,1.12,0,3.67
1539,MDDF,Dotport Dynamic Flexible Fund of Funds ,20100630,16.52,12.34,25.5,0.06,9.92,2.75,18.07,12.32,0.99,0,1.72
1540,MDSP,Dotport Stable Prudential Fund of Funds ,20100630,12.9,7.47,22.9,0.09,7.64,4.91,29.56,7.06,2.48,0,3.93
1566,MDWA,Dynamic Wealth Accumulator Fund of Funds A,20100630,20.26,10.06,23.61,0.00,10.24,10.78,10.79,12.29,0,0,2.76
1566,DWAA,Dynamic Wealth Accumulator Fund of Funds A1,20100630,20.26,10.06,23.61,0.00,10.24,10.78,10.79,12.29,0,0,2.76
1605,MDWC,Dynamic Wealth Creator Fund of Funds A,20100630,23.78,11.96,27.56,0.00,9.04,4.45,8.57,12.53,0,0,2.73
1605,MWCA,Dynamic Wealth Creator Fund of Funds A1,20100630,23.78,11.96,27.56,0.00,9.04,4.45,8.57,12.53,0,0,2.73
1690,MDWO,Dynamic Wealth Optimal Fund A,20100630,35.53,17.98,41.06,0.00,0.45,0.44,5.25,0,0,0,0
1690,MWOA,Dynamic Wealth Optimal Fund A1,20100630,35.53,17.98,41.06,0.00,0.45,0.44,5.25,0,0,0,0
1521,DWFF,Dynamic Wealth Preserver Fund of Funds A,20100630,14,6.75,16.55,0.00,11.16,19.01,19.44,11.38,0,0,2.69
1521,DWFA,Dynamic Wealth Preserver Fund of Funds A1,20100630,14,6.75,16.55,0.00,11.16,19.01,19.44,11.38,0,0,2.69
1522,DWPF,Dynamic Wealth Property Fund A,20100630,0,0,0,0.00,98.3,0,1.69,0,0,0,0
1522,DWPA,Dynamic Wealth Property Fund A1,20100630,0,0,0,0.00,98.3,0,1.69,0,0,0,0
1869,MDWR,Dynamic Wealth Real Income Fund A,20100630,3.86,0.97,5.54,0.00,7.58,54.72,29.5,0,0,0,0
1869,MWRA,Dynamic Wealth Real Income Fund A1,20100630,3.86,0.97,5.54,0.00,7.58,54.72,29.5,0,0,0,0
1870,MDWV,Dynamic Wealth Value Fund A,20100630,16.6,33.43,44.5,0.00,0,0,5.47,0,0,0,0
1476,EFOF,Efficient Flexible Fund of Funds A,20100630,22.52,10.22,22.82,0.05,22.02,0,13.76,7.47,0,0,1.34
1971,EFMM,Efficient Money Market Fund ,20100630,0,0,0,0.00,0,0,100,0,0,0,0
1478,EFFP,Efficient Prudential Fund A,20100630,16.3,12.94,28.71,0.00,9.78,0,32.13,0,0,0,0
1477,EPFF,Efficient Prudential Fund of Funds A,20100630,18.51,4.93,19.03,0.01,20.67,3.07,17.93,11.23,0.71,0,2.38
2268,EBFA,Element Balanced Fund A,20100630,12.87,3.85,21,0.00,0.8,19.57,26,0,0,0,17.25
841,FEFA,Element Earth Equity Fund A,20100630,31.82,9.91,54.99,0.00,1.51,3.38,1.75,0,0,0,0
842,FFFA,Element Flexible Fund A,20100630,18.14,6.52,32.12,0.00,0.8,22.15,8.34,0,0,0,17.64
2297,IBFA,Element Islamic Balanced Fund A,20100630,20.46,0,26.77,0.77,1.07,0,50.92,0,0,0,0
1598,FIEU,Element Islamic Equity Fund A,20100630,43.45,0.01,50.57,1.32,0.91,0,3.74,0,0,0,0
1264,FRIA,Element Real Income Fund A,20100630,5.08,1.88,12.6,0.00,0.23,27.66,37.21,0,0,0,19.77
2012,FGIA,FG International Flexible Fund of Funds A,20100630,0,0,0,0.00,0,0,2.61,93.97,0,0,3.42
1639,FJA1,FG Jupiter Income Fund of Funds A,20100630,0.25,-2.52,1.13,0.00,3.31,44.49,50.5,0,0.98,0,2.98
1640,FMA1,FG Mercury Equity Fund of Funds A,20100630,29.1,13.57,41.46,0.12,6.7,0.89,6.2,0.44,0.2,0,0.23
1641,FSA1,FG Saturn Flexible Fund of Funds A,20100630,13.56,9.52,25.27,0.01,3.19,14.57,20.21,13.11,1.89,0,0.96
1975,FGCCA,FG Venus Cautious Fund of Funds A,20100630,11.24,5.81,17.92,0.00,1.72,30.05,30.19,0,0,0,3.05
1960,MFAF,Financial Alliance Flexible Fund of Funds ,20100630,19.87,14.67,36.61,0.00,12.53,0.48,5.26,9.73,0.12,0,0.71
1974,MFA3,Financial Alliance Inflation Plus 3% Fund of Funds ,20100630,10.61,6.08,15.2,0.02,1.09,17.74,38.33,10.31,0.08,0,0.54
1959,MFA5,Financial Alliance Inflation Plus 5% Fund of Funds ,20100630,18.37,10.33,25.83,0.06,0.86,9.84,20.33,13.5,0.11,0,0.72
1597,FLDF,Flagship IP Prudential Variable Fund A,20100630,20.12,13.71,25.61,1.29,12.25,0,6.95,16.71,1.86,0,1.17
1491,FLWF,Flagship IP Worldwide Flexible Fund A,20100630,8.28,6.96,10.39,0.00,0,0,2.84,55.33,4.88,0,12.17
1492,FLFF,Flagship IP Worldwide Flexible Fund of Funds A,20100630,0,0,0,0.00,1.53,0.01,18.06,25.39,0,0,54.99
254,FNBB,FNB Balanced Fund ,20100630,16.2,20.94,22.73,0.00,3.12,11.73,11.65,12.91,0,0,0.7
253,FNBG,FNB Growth Fund ,20100630,26.62,27.37,41.11,0.00,0,0,4.9,0,0,0,0
163,MTNM,FNB Namibia Unit Trusts General Equity Fund ,20100630,26.25,29.6,36.19,0.00,3.37,0,4.57,0,0,0,0
1289,MTNI,FNB Namibia Unit Trusts Income Fund ,20100630,0,-0.66,0,0.00,0,107.5,-9.07,0,0,0,0
1368,MNMM,FNB Namibia Unit Trusts Money Market Fund R,20100630,0,0,0,0.00,0,0,100,0,0,0,0
1242,FGBF,Foord Balanced Fund ,20100630,0,0,59.15,0.00,3.75,2.06,14.69,20.33,0,0,0
1241,FEQF,Foord Equity Fund ,20100630,0,0,100,0.00,0,0,0,0,0,0,0
2104,FFFCR,Foord Flexible Fund of Funds R,20100630,0,0,0.12,0.00,0,0,0,27.61,0,0,0
1615,FIFF,Foord International Feeder Fund ,20100630,0,0,1.59,0.00,0,0,0,98.4,0,0,0
1770,FORA,Fortress REIT Fund A,20100630,0,0,0,0.00,0,0,0.87,92.51,0,0,6.6
50,STPF,Futuregrowth Albaraka Equity Fund A,20100630,35.38,0,50.97,0.00,1.05,0,2.81,9.78,0,0,0
1575,MGBF,GCI Balanced Fund of Funds ,20100630,7.59,26.01,6.05,0.00,11.4,0.56,34.22,5.05,2.84,0,6.26
1574,GCFF,GCI Flexible Fund of Funds ,20100630,8.1,27.4,6.74,0.00,13.85,0.52,26.75,5.32,3.07,0,8.22
2167,MGWF,GCI Worldwide Flexible Fund of Funds A,20100630,9.07,21.12,15.72,0.00,9.44,0.45,42.55,0.14,2.04,0,-0.42
2132,MGFA,GFA Stable Fund of Funds ,20100630,4.97,4.05,17.44,0.00,8.49,22.53,30.81,10.31,2.71,0,0.04
1981,SP2B,Glacier Financial Solutions Cautious Fund of Funds ,20100630,0.72,1.36,2.46,0.00,0,8.74,49.7,4.89,2.43,0,16.44
1750,SPCM,Glacier Financial Solutions Conservative Multi-Managed Fund ,20100630,7.8,24,5.15,0.00,1.18,20.49,46.05,0.06,0,0,0
1752,SPAM,Glacier Financial Solutions Flexible M-M Fund of Funds ,20100630,0,0,0,0.00,0,9.22,15.79,13.84,0,0,1.13
1751,SPMM,Glacier Financial Solutions Moderate M-M Fund of Funds ,20100630,0,0,0,0.00,0,7.55,30.81,7.81,2.14,0,5.22
1405,IMCF,Glacier International Multi-Currency Fund B1,20100630,0,0,0,0.00,0,0,3.97,0,0,0,96.02
757,INNF,Glacier Money Market Fund A,20100630,0,0,0,0.00,0,0,100,0,0,0,0
757,INMB,Glacier Money Market Fund B,20100630,0,0,0,0.00,0,0,100,0,0,0,0
2093,MGDP,Grindrod Diversified Preference Share Fund ,20100630,0,0,98.12,0.00,0,98.11,1.88,0,0,0,0
2238,MGGP,Grindrod Global Property Income Fund ,20100630,0,0,0,0.00,0,0,0.39,98.49,0,0,1.11
44,PTST,Gryphon All Share Tracker Fund A,20100630,39,16.71,35.25,0.00,0.61,0,8.94,0,0,0,0
2254,GDICA,Gryphon Dividend Income Fund ,20100630,0,0,0,0.00,0,82.68,17.31,0,0,0,0
321,GIMM,Gryphon Money Market Fund A,20100630,0,0,0,0.00,0,0,100,0,0,0,0
1680,MHFI,Harvard House Flexible Income Portfolio ,20100630,0,0,18.42,0.00,21.26,48.82,27.78,0,0,0,0
1679,MHGE,Harvard House General Equity Fund ,20100630,30.47,13.55,52.08,0.00,0,0,3.89,0,0,0,0
1545,HSEF,Hermes Equity Fund A,20100630,37.91,16.46,44.37,0.00,0,0,1.26,0,0,0,0
1545,HEFR,Hermes Equity Fund R,20100630,37.91,16.46,44.37,0.00,0,0,1.26,0,0,0,0
1545,HEFAA,Hermes Equity Fund A2,20100630,37.91,16.46,44.37,0.00,0,0,1.26,0,0,0,0
1546,HSFF,Hermes Managed Fund A,20100630,26.54,12.02,31.89,0.00,0,0,25.36,0,0,0,0
1546,HFFR,Hermes Managed Fund R,20100630,26.54,12.02,31.89,0.00,0,0,25.36,0,0,0,0
1658,HOFFA,Hermes Osborne Flexible Fund A1,20100630,25.49,5.59,43.75,3.45,0,0,9.25,9.25,0,0,0
1728,HUEF,Huysamer Equity Fund A,20100630,38.99,12.13,36.42,0.00,1.38,0,11.05,0,0,0,0
1727,HUFF,Huysamer Flexible Fund A,20100630,29.96,12.45,40.56,1.11,2.02,0,14.59,0,0,0,0
1970,HOFA1,Huysamer Opportunity Fund A1,20100630,27.04,11.34,31.85,0.00,1.83,0,27.92,0,0,0,0
1616,MLFF,Imalivest Flexible Fund ,20100630,18.93,38.42,37.96,1.04,0,0,3.65,18.53,0,0,0
2144,MIWO,Imalivest Worldwide Flexible Fund ,20100630,0,0,0,0.00,0,0,2.14,96.18,0,0,1.66
2123,MIEF,Imara Equity Fund ,20100630,24.54,17.91,46.41,0.00,1.88,0,6.94,2.3,0,0,0.01
1835,MIMH,IMC HiYield Fund of Funds ,20100630,0,0.22,1.58,0.00,4.08,43.66,45.85,0.33,7.32,0,-1.26
1836,MIMW,IMC Worldwide Flexible Fund of Funds ,20100630,12.83,9.84,27.88,0.22,0.63,1.37,13.58,28.84,2.88,0,0.97
1532,INDB,Indequity Balanced Value Fund of Funds ,20100630,12.08,5.33,32,0.02,14.65,13.83,22.28,0,0,0,0
1533,INDD,Indequity Dynamic Fund of Funds ,20100630,13.64,6.3,32.1,0.03,19.61,14.65,13.85,0,0,0,0
1535,INDI,Indequity Income Provider Fund of Funds ,20100630,0,0,0,0.00,28.5,30.84,40.64,0,0,0,0
1536,INDT,Indequity Technical Fund ,20100630,47.68,16.49,33.87,0.00,2,1.31,-0.05,0,0,0,0
2239,MICF,Insight Capital Flexible Fund of Funds ,20100630,7.29,3.29,8.18,0.04,0.04,1.45,61.37,0.04,8.09,0,11.52
1359,MABF,Interneuron Capital Equity Portfolio ,20100630,23.86,31.95,17.79,0.00,0,0.37,28.6,0,0,0,0
559,CUGT,Interneuron Capital Freestyle Portfolio ,20100630,27.76,16.07,33.55,0.00,6.09,0,17.42,0,0,0,0
1372,MIMP,Interneuron Capital Managed Portfolio ,20100630,21.02,12.86,25.41,0.00,4.65,0,37.37,0,0,0,0
2218,MICP,Interneuron Capital Prudential Opportunity Fund of Funds ,20100630,18.57,16.27,16.56,0.10,9.59,3.77,25.35,8.26,0.76,0,1.34
2219,MICS,Interneuron Capital Stability Fund of Funds ,20100630,8.97,5.51,8.46,0.06,9.52,15.67,45.24,5.85,0.74,0,0.88
2237,MIFE,Intervest Flexible Fund of Funds E,20100630,18.41,4,17.25,0.20,4.53,10.76,18.25,18.99,0,0,0
2236,MIPE,Intervest Prudential Fund of Funds E,20100630,16.03,1.82,15.25,0.20,5.51,13.58,23.55,18.6,0,0,0
1351,INAB,Investec Absolute Balanced Fund A,20100630,26.26,7.92,23.07,0.00,0.19,12.08,28.51,0,0,0,0
1350,INAI,Investec Absolute Income Fund A,20100630,0,-13.19,0,0.00,3.97,71.92,37.29,0,0,0,0
90,INVI,Investec Active Quants Fund R,20100630,35.09,21.7,33.65,0.00,4.39,0,5.15,0,0,0,0
90,INXA,Investec Active Quants Fund A,20100630,35.09,21.7,33.65,0.00,4.39,0,5.15,0,0,0,0
542,INCS,Investec Cash Plus Fund A,20100630,0,0,0,0.00,0,55.02,44.97,0,0,0,0
1655,CMFA,Investec Cautious Managed Fund A,20100630,7.73,-11.87,10.28,0.00,1.3,9.88,59.61,13.15,0.37,0,6.31
88,INVC,Investec Commodity Fund R,20100630,91.55,2.73,0,0.00,0,0,1.62,2.94,0,0,0.01
88,INAC,Investec Commodity Fund A,20100630,91.55,2.73,0,0.00,0,0,1.62,2.94,0,0,0.01
2287,IDICA,Investec Diversified Income Fund A,20100630,0,3.8,0,0.00,3.7,76.15,7.73,-2.69,0,0,12.27
89,INVE,Investec Emerging Companies Fund R,20100630,11.8,11.21,67.53,1.94,0,0,5.42,0,0,0,0
89,INAE,Investec Emerging Companies Fund A,20100630,11.8,11.21,67.53,1.94,0,0,5.42,0,0,0,0
6,METF,Investec Equity Fund R,20100630,45.88,10.03,29.61,0.00,3.4,0,3.52,0,0,0,0
6,INAQ,Investec Equity Fund A,20100630,45.88,10.03,29.61,0.00,3.4,0,3.52,0,0,0,0
33,MTBG,Investec Gilt Fund R,20100630,0,0.1,0,0.00,0,97.77,2.22,0,0,0,0
33,INAG,Investec Gilt Fund A,20100630,0,0.1,0,0.00,0,97.77,2.22,0,0,0,0
1371,GBFA,Investec Global Balanced Feeder Fund A,20100630,0,0,0,0.00,0,0,1.29,98.7,0,0,0
26,FGFA,Investec Global Equity Fund of Funds A,20100630,0,0,0,0.00,0,0,1.54,98.11,0,0,0.34
884,INGO,Investec Global Opportunity Income Fund of Funds A,20100630,0,0,0,0.00,0,0,0.73,0,29.98,0,69.27
8,NRWH,Investec Growth Fund R,20100630,38.95,18.34,40.6,0.00,0,0,2.11,0,0,0,0
8,FGGA,Investec Growth Fund A,20100630,38.95,18.34,40.6,0.00,0,0,2.11,0,0,0,0
8,INGR,Investec Growth Fund B,20100630,38.95,18.34,40.6,0.00,0,0,2.11,0,0,0,0
64,MTBH,Investec High Income Fund R,20100630,0,0,0,0.00,0,82.09,17.9,0,0,0,0
64,INAH,Investec High Income Fund A,20100630,0,0,0,0.00,0,82.09,17.9,0,0,0,0
553,INNH,Investec High Income Namibia Fund A,20100630,0,0,0,0.00,0,40.98,46.28,0,3.07,0,0
57,MTBM,Investec Managed Fund R,20100630,18.33,3.15,21.74,0.00,0,11.53,17.45,19.18,0,0,0
57,INAM,Investec Managed Fund A,20100630,18.33,3.15,21.74,0.00,0,11.53,17.45,19.18,0,0,0
161,INMF,Investec Managed Namibia Fund R,20100630,14.18,14.86,17.1,0.00,4.1,8.49,9.2,23.23,1.03,0,0
122,INMM,Investec Money Market Fund R,20100630,0,0,0,0.00,0,0.16,99.83,0,0,0,0
120,INAF,Investec Opportunity Fund R,20100630,11.67,8.17,20.75,0.02,0.74,8.42,29.13,14.24,1.09,0,2.94
120,INAO,Investec Opportunity Fund A,20100630,11.67,8.17,20.75,0.02,0.74,8.42,29.13,14.24,1.09,0,2.94
670,INIA,Investec Opportunity Income Fund A,20100630,0,-0.01,0,0.00,4.37,84.96,10.66,0,0,0,0
1420,PPFA,Investec Property Equity Fund A,20100630,0,0,0,0.00,99.25,0,0.74,0,0,0,0
2253,INVCA,Investec Special Income Fund ,20100630,0,0,0,0.00,0,95.29,4.7,0,0,0,0
121,INVF,Investec Value Fund R,20100630,30.26,8.63,47.52,0.13,1.74,0.28,9.98,0.88,0,0,0
121,INAV,Investec Value Fund A,20100630,30.26,8.63,47.52,0.13,1.74,0.28,9.98,0.88,0,0,0
91,INVW,Investec Worldwide Equity Feeder Fund R,20100630,0,0,0,0.00,0,0,0.86,99.08,0,0,0.05
91,INAW,Investec Worldwide Equity Feeder Fund A,20100630,0,0,0,0.00,0,0,0.86,99.08,0,0,0.05
1389,ISGE,Investment Solutions Global Equity Feeder Fund ,20100630,0,0,0,0.00,0,0,0.42,99.57,0,0,0
1390,ISGF,Investment Solutions Global Fixed Income Feeder Fund ,20100630,0,0,0,0.00,0,0,0.43,0,99.56,0,0
1424,ISHI,Investment Solutions Income Fund ,20100630,0,0,0,0.00,0,47.84,52.15,0,0,0,0
982,ISEF,Investment Solutions Multi-Manager Balanced Fund of Funds ,20100630,0,-1.31,0,0.00,2.1,1.76,7.13,4.06,0,0,0
780,ISPE,Investment Solutions Multi-Manager Equity Fund ,20100630,0,5.29,64.48,0.00,0.21,17.85,14.76,0.03,0,0,0
1457,ISPR,Investment Solutions Property Equity Fund ,20100630,0,0,0,0.00,96.04,0,3.95,0,0,0,0
779,ISPF,Investment Solutions Pure Fixed Interest Fund ,20100630,0,0.04,0,0.00,0,83.9,16.06,0,0,0,0
1458,ISRR,Investment Solutions Real Return Focus Fund ,20100630,17.42,8.58,24.87,0.00,3.94,24.21,22.66,0.66,0,0,0
777,ISSC,Investment Solutions Superior Cash Fund ,20100630,0,-0.18,0,0.00,0,40.56,59.61,0,0,0,0
1391,ISUD,Investment Solutions US Dollar Cash Feeder Fund ,20100630,0,0,0,0.00,0,0,0.44,0,0,0,99.55
1681,MJBR,JMBusha Real Return Portfolio ,20100630,18.79,11.59,15.39,0.00,0,0,54.24,0,0,0,0
1413,KAQF,Kagiso Equity Alpha Fund A,20100630,20.39,24.62,52.81,0.00,0.27,0,0.68,0,0,0,0
2252,KIEF,Kagiso Islamic Equity Fund ,20100630,35.75,0,47.36,0.00,0,0,14.35,0,0,0,0
1316,KTFP,Kagiso Protector Fund A,20100630,6.04,9.27,22.41,0.00,0.34,0,61.92,0,0,0,0
139,CNAT,Kagiso Top 40 Tracker Fund R,20100630,45.63,16.92,32.24,0.00,1.44,0,3.75,0,0,0,0
1647,KBFA,Kruger Balanced Fund of Funds A,20100630,13.42,12.12,22.04,0.00,4.09,11.35,21.34,15.41,0.76,0,0.75
1647,KBFCA,Kruger Balanced Fund of Funds A1,20100630,13.42,12.12,22.04,0.00,4.09,11.35,21.34,15.41,0.76,0,0.75
1629,KRFA,Kruger Flexible Fund of Funds A,20100630,15.34,19.4,35.31,0.23,1.64,2.61,7.32,11.5,0.55,0,6.6
1629,KFFCA,Kruger Flexible Fund of Funds A1,20100630,15.34,19.4,35.31,0.23,1.64,2.61,7.32,11.5,0.55,0,6.6
1871,KGFA,Kruger Global Fund of Funds A,20100630,0,0,0,0.00,0,0,8.47,60.16,0,0,31.35
1871,KGFCA,Kruger Global Fund of Funds A1,20100630,0,0,0,0.00,0,0,8.47,60.16,0,0,31.35
1628,KRPA,Kruger Prudential Fund of Funds A,20100630,6.35,9.46,14.77,0.00,6.67,31.89,21.84,9.74,3.47,0,2.51
1628,KPFCA,Kruger Prudential Fund of Funds A1,20100630,6.35,9.46,14.77,0.00,6.67,31.89,21.84,9.74,3.47,0,2.51
2017,MLAG,Lion of Africa General Equity Fund ,20100630,44.79,11.32,39.94,0.00,0,0,3.95,0,0,0,0
1875,MLAR,Lion of Africa Real Return CPI + 5 Fund ,20100630,1.52,1.12,2.5,0.00,1.11,58.77,32.88,0,0,0,0
1567,RBA1,Lynx Balanced Fund of Funds A1,20100630,16.43,10.51,25.17,0.10,2.53,2.18,26.15,6.28,2.16,0,9.02
1567,RWBCA2,Lynx Balanced Fund of Funds A2,20100630,16.43,10.51,25.17,0.10,2.53,2.18,26.15,6.28,2.16,0,9.02
1568,RWA1,Lynx Cautious Fund of Funds A1,20100630,10.21,5.71,12.98,0.04,1.63,8.47,46.99,5.56,1.46,0,7.76
1568,RWCCA2,Lynx Cautious Fund of Funds A2,20100630,10.21,5.71,12.98,0.04,1.63,8.47,46.99,5.56,1.46,0,7.76
1339,LYGA1,Lynx Global Diversified Fund of Funds A1,20100630,0,0,0,0.00,0,0,8.3,36.11,0,0,55.58
2208,RWOCA,Lynx Opportunities Fund of Funds A1,20100630,28.96,17.42,43.13,0.10,0.8,0.83,4.47,1.06,2.45,0,0.71
2208,RWOCA2,Lynx Opportunities Fund of Funds A2,20100630,28.96,17.42,43.13,0.10,0.8,0.83,4.47,1.06,2.45,0,0.71
1729,MOEF,Maestro Equity Fund A,20100630,28.92,12.87,48.27,2.68,0,7.46,7.26,0,0,0,0
727,MRCI,Marriott Core Income Fund A,20100630,0,0,10.28,0.00,0,48.16,51.83,0,0,0,0
7,HLMK,Marriott Dividend Growth Fund R,20100630,0,5.98,80.9,0.00,0,0,3.69,9.41,0,0,0
2187,MIWE,Marriott First World Equity Feeder Fund ,20100630,0,0,0,0.00,0,0,5.06,94.93,0,0,0
290,MGIF,Marriott Global Income Fund A,20100630,0,0,0,0.00,0,0,-0.11,0,78.39,0,21.71
2191,MHIF,Marriott High Income Fund of Funds A,20100630,0,0,4.95,0.00,0,43.22,56.77,0,0,0,0
61,HLMI,Marriott Income Fund R,20100630,0,0,0,0.00,0,0,100,0,0,0,0
1453,MGGF,Marriott International Growth Feeder Fund A,20100630,0,0,0,0.00,0,0,0.66,99.34,0,0,0
1453,MGGB,Marriott International Growth Feeder Fund B,20100630,0,0,0,0.00,0,0,0.66,99.34,0,0,0
656,MGRE,Marriott International Real Estate Feeder Fund A,20100630,0,0,0,0.00,0,0,6.26,92.74,0,0,0.99
2100,MIZM,Marriott Money Market Fund ,20100630,0,0,0,0.00,0,0,100,0,0,0,0
80,MRPR,Marriott Property Equity Fund R,20100630,0,0,0,0.00,50.96,0,49.03,0,0,0,0
355,MPIF,Marriott Property Income Fund A,20100630,0,0,0,0.00,85.15,0,14.84,0,0,0,0
2190,MPFF,Marriott Prudential Income Fund of Funds A,20100630,0,2.09,32.3,0.00,0,18.95,30.78,19.91,0,0,0
2189,MWDF,Marriott Worldwide Flexible Fund of Funds A,20100630,0,2.02,27.98,0.00,0,3.09,6.19,61.37,0,0,0
1499,MABA,Matador Balanced Fund C,20100630,17.64,11.26,24.26,0.00,2.08,13.44,8.42,16.93,1.51,0,0
1502,MAMI,Matador Defensive Fund of Funds C,20100630,0,0,0,0.00,0,0,-0.28,0,0,0,0
1500,MAME,Matador Equity Fund of Funds C,20100630,0,0,0,0.00,0,0,0.08,19.8,0,0,0.01
1501,MAMH,Matador Fixed Interest Fund of Funds C,20100630,0,0,0,0.00,0,100.18,-0.18,0,0,0,0
1325,MDDS,Melville Douglas Dynamic Strategy Fund A,20100630,20.62,12.51,40.09,0.00,0,4.75,9.6,9.15,0,0,3.28
175,METP,Metropolitan Absolute Provider Portfolio ,20100630,18.65,7.76,15.5,0.00,3.96,19.97,34.29,0,0,0,0
1360,MPAI,Metropolitan Cautious Portfolio ,20100630,10.31,2.99,7.81,0.00,2.91,19.42,56.61,0,0,0,0
156,CUIF,Metropolitan Enhanced Income Portfolio ,20100630,0,0.01,0,0.00,0.97,23.61,75.4,0,0,0,0
39,MTLE,Metropolitan General Equity Portfolio ,20100630,29.84,23.76,44.25,0.00,0,0.18,2.15,0,0,0,0
155,MTLI,Metropolitan Gilt Portfolio ,20100630,0,0,0,0.00,0,93.96,6.03,0,0,0,0
2145,MIPP,Metropolitan Income Plus Portfolio ,20100630,0,0.54,0,0.00,0,3.77,89.96,0,9.84,0,-3.56
247,MTNG,Metropolitan Industrial Portfolio ,20100630,6.15,0,86.91,6.71,0,0,0.24,0,0,0,0
1290,MILB,Metropolitan Inflation Linked Bond Portfolio A,20100630,0,0,0,0.00,0,75.92,24.07,0,0,0,0
2240,MIEQ,Metropolitan International Equity Fund of Funds ,20100630,0,0,0,0.00,0,0,0.15,98.73,0,0,1.11
359,MIFF,Metropolitan International Fund of Funds A,20100630,0,0,0,0.00,0,0,1.16,66.71,31.51,0,0.6
1318,MISI,Metropolitan International Specialist Income Fund of Funds A,20100630,0,0,0,0.00,0,0,1.87,0,18.64,0,79.48
157,MLMM,Metropolitan Money Market Portfolio ,20100630,0,0,0,0.00,0,0,100,0,0,0,0
1992,MEME,Metropolitan Multi-Manager Equity Portfolio ,20100630,20.96,15.21,47.75,0.37,0,0.89,9.29,0,0,0,0
1622,MMOB,Metropolitan Odyssey Balanced Fund of Funds ,20100630,10.67,15.31,22.47,0.08,1.38,8.35,25.08,14.27,1.28,0,-0.09
1623,MMOC,Metropolitan Odyssey Conservative Fund of Funds ,20100630,7.6,6.73,15.6,0.04,8.23,17.23,34.06,7.51,2.82,0,-0.47
925,MBPI,Metropolitan Property Income Portfolio ,20100630,0,0,0,0.00,96.27,0,3.72,0,0,0,0
167,MTRR,Metropolitan Resources Portfolio ,20100630,89.2,1.95,6.32,0.00,0,0,2.53,0,0,0,0
923,MBHD,Metropolitan Value Portfolio ,20100630,28.24,21.24,46.66,1.34,0.53,0,-0.01,0,0,0,0
1649,PBEB2,MI-PLAN IP Beta Equity Fund B2,20100630,25.23,19.37,46.91,0.00,0.96,0.65,7.64,1.11,0,0,0
1631,PIPA1,MI-PLAN IP Inflation Plus 3 Fund A1,20100630,5.74,10.68,17.48,0.00,2.08,21.51,49.67,5.69,0,0,0.26
1632,PEIA1,MI-PLAN IP Inflation Plus 5 Fund A1,20100630,10.75,13.3,25.59,0.00,3.29,18.1,35.25,4.57,0,0,0.01
1633,PEPA1,MI-PLAN IP Inflation Plus 7 Fund A1,20100630,16.77,21.99,33.54,0.00,4.54,11.98,13.47,9.21,0,0,0.12
1648,PPEB2,MI-PLAN IP Protected Equity Fund B2,20100630,0,3.07,0,0.00,0,0,100,0,0,0,0
2129,PSFA1,MI-PLAN IP Sarasin Equisar Feeder Fund A1,20100630,0,0,0,0.00,0,0,4.79,95.16,0,0,0.04
1520,MCHF,Midas Foreign Flexible Fund of Funds A,20100630,0,0,0,0.00,0,0,1.87,82,0,0,16.12
1460,SMGF,Momentum Accumulator Fund of Funds ,20100630,16.68,20.99,19.72,0.00,5.38,14.08,6.17,14.28,0.49,0,0.37
1468,MAEB1,Momentum Aggressive Equity Fund of Funds B1,20100630,0,0,0,0.00,0,0,2.99,12.17,0,0,0.01
1473,MAPB1,Momentum Aggressive Prudential Fund of Funds B1,20100630,5.89,3.64,9.22,0.00,0.15,7.86,12.01,7.87,1.07,0,2.48
1471,MBIB1,Momentum Balanced Income Fund of Funds B1,20100630,7.84,-3.09,17.12,0.00,8.02,20.27,36.33,3.34,1.03,0,2.38
1470,MBPB1,Momentum Balanced Prudential Fund of Funds B1,20100630,4.07,2.45,12.08,0.00,0.14,11.33,19.96,8.2,1.04,0,2.42
1475,SASF,Momentum Builder Fund of Funds ,20100630,14.09,17.99,16.62,0.00,6.06,18.11,14.77,11.29,0,0,0.08
1459,SCFF,Momentum Consolidator Fund of Funds ,20100630,7.93,8.37,9.39,0.00,9.07,29.68,21.79,10.25,0.65,0,0.42
1472,MDAB1,Momentum Dynamic Asset Allocator Fund of Funds B1,20100630,9.73,7.96,32.75,0.00,2.28,16.12,22.89,6.63,1,0,3.09
2035,MGAB1,Momentum Global Accumulator Fund of Funds B1,20100630,0,0,0,0.00,0,0,6.93,91.19,0,0,1.87
2036,MGBB1,Momentum Global Builder Fund of Funds B1,20100630,0,0,0,0.00,0,0,3.81,61.75,12.81,0,21.61
2037,MGCB1,Momentum Global Consolidator Fund of Funds B1,20100630,0,0,0,0.00,0,0,0.35,15.64,26.62,0,57.38
1469,MMEB1,Momentum Moderate Equity Fund of Funds B1,20100630,0,0,0,0.00,0,0,2.13,8.13,0,0,0
676,SAMC,Momentum Multifocus Fund of Funds ,20100630,12.69,11.12,18.65,0.01,0.94,0.22,3.94,1.66,0,0,0.08
1592,NFBF,N-e-FG Balanced Fund ,20100630,15.74,12.99,30.8,0.04,5.29,0,32.57,15.05,0,0,0
2134,MNEF,N-e-FG Equity Fund ,20100630,22.32,24.64,38.94,0.00,0,0.16,14.43,0.31,0,0,0
2133,MNFF,N-e-FG Flexible Fund ,20100630,16.87,30.54,33.09,0.00,1.25,1.23,19.11,14.76,0,0,0.03
1560,MNIP,N-e-FG Income Provider Fund of Funds ,20100630,5.93,2.68,12.08,0.11,9.42,16.32,35.24,15.21,2.15,0,1.98
1654,MNPI,N-e-FG Property Income Fund ,20100630,0,0.01,0,0.00,95.9,0,4.09,0,0,0,0
2028,NAMMED,NAM Coronation Absolute Fund ,20100630,6.49,6.47,17.33,0.00,3.41,20.16,5.42,0,15.93,0,3.92
1791,NHBF,NAM Coronation Balanced Defensive Fund ,20100630,3.73,6.58,17.35,0.00,3.95,4.77,33.95,5.21,15.87,0,6.5
1792,NAPM,NAM Coronation Strategic Income Fund ,20100630,0,0,4.76,0.00,5.11,22.95,58.89,0,9.71,0,0
2291,BBET40,Nedbank BettaBeta Equally Weighted Top40 ETF ,20100630,34.57,24.94,34.51,0.00,5.06,0,0.9,0,0,0,0
337,AHWM,Nedgroup Investments Balanced Fund A,20100630,11.29,28.99,24.88,0.00,0,23.17,11.67,15.79,0,0,0
315,VELG,Nedgroup Investments Bond Fund A,20100630,0,0.12,0,0.00,0,83.11,16.88,0,0,0,0
315,NBFR,Nedgroup Investments Bond Fund R,20100630,0,0.12,0,0.00,0,83.11,16.88,0,0,0,0
1576,NEBA,Nedgroup Investments Bravata Worldwide Flexible Fund A,20100630,2.84,1.72,16.22,0.00,0,2.95,1.22,50.17,1.08,0,26.73
153,NDBE,Nedgroup Investments Entrepreneur Fund R,20100630,20.2,11.26,62.63,1.11,0,2.07,3.7,0,0,0,0
153,NDEA,Nedgroup Investments Entrepreneur Fund A,20100630,20.2,11.26,62.63,1.11,0,2.07,3.7,0,0,0,0
150,NDBG,Nedgroup Investments Equity Fund R,20100630,23.7,26.94,47.7,0.00,0,0,1.65,0,0,0,0
150,NDQA,Nedgroup Investments Equity Fund A,20100630,23.7,26.94,47.7,0.00,0,0,1.65,0,0,0,0
29,UALS,Nedgroup Investments Financials Fund R,20100630,0,76.6,0,4.12,0,0,3.76,15.52,0,0,0
29,UALA,Nedgroup Investments Financials Fund A,20100630,0,76.6,0,4.12,0,0,3.76,15.52,0,0,0
322,AHBM,Nedgroup Investments Flexible Income Fund A,20100630,0,-0.05,0,0.00,0,26.83,58.07,0,0,0,15.13
322,NFIF,Nedgroup Investments Flexible Income Fund R,20100630,0,-0.05,0,0.00,0,26.83,58.07,0,0,0,15.13
2050,NIFCA,Nedgroup Investments Fundisa Fund A,20100630,0,0,0,0.00,0,99.22,0.77,0,0,0,0
19,BOEB,Nedgroup Investments Global Balanced Feeder Fund R,20100630,0,0,0,0.00,0,0,2.28,97.71,0,0,0
19,BOGA,Nedgroup Investments Global Balanced Feeder Fund A,20100630,0,0,0,0.00,0,0,2.28,97.71,0,0,0
2267,NIGCFA,Nedgroup Investments Global Cautious Feeder Fund A,20100630,0,0,0,0.00,0,0,0.81,98.97,0,0,0.21
767,AHGV,Nedgroup Investments Global Equity Feeder Fund A,20100630,0,0,0,0.00,0,0,4.37,95.62,0,0,0
17,SYGR,Nedgroup Investments Growth Fund R,20100630,23.14,24.22,44.3,0.00,0,1.31,4.26,0,0,0,0
17,SYGA,Nedgroup Investments Growth Fund A,20100630,23.14,24.22,44.3,0.00,0,1.31,4.26,0,0,0,0
131,SYUO,Nedgroup Investments International Equity Feeder Fund R,20100630,0,0,0,0.00,0,0,0.06,99.93,0,0,0
131,SYUA,Nedgroup Investments International Equity Feeder Fund A,20100630,0,0,0,0.00,0,0,0.06,99.93,0,0,0
154,NDBM,Nedgroup Investments Managed Fund R,20100630,8.18,15.13,32,0.00,0,6.94,22.48,18.5,0,0,0.52
154,NDBA,Nedgroup Investments Managed Fund A,20100630,8.18,15.13,32,0.00,0,6.94,22.48,18.5,0,0,0.52
73,SYMR,Nedgroup Investments Mining & Resource Fund R,20100630,90.12,0,6.96,0.00,0,0,1.95,0,0,0,0
73,SYMA,Nedgroup Investments Mining & Resource Fund A,20100630,90.12,0,6.96,0.00,0,0,1.95,0,0,0,0
364,VEMM,Nedgroup Investments Money Market Fund R,20100630,0,0,0,0.00,0,2.84,97.15,0,0,0,0
740,NHCF,Nedgroup Investments Optimal Income Fund A,20100630,23.84,14.17,31.44,0.00,0.88,27.63,22.92,-0.02,0,0,0
1630,NPRA,Nedgroup Investments Positive Return Fund A,20100630,22.31,10.88,14.73,0.00,0.68,4.73,49.48,0,0,0,0
345,NQCR,Nedgroup Investments Quants Core Equity Fund R,20100630,27.18,19.05,47,0.04,1.07,0.91,4.95,0,0,0,0.33
345,NQCE,Nedgroup Investments Quants Core Equity Fund A,20100630,27.18,19.05,47,0.04,1.07,0.91,4.95,0,0,0,0.33
560,AHVE,Nedgroup Investments Rainmaker Fund A,20100630,26.38,12.95,51.12,0.00,0.99,2.42,5.24,0,0,0,0
560,AHVR,Nedgroup Investments Rainmaker Fund R,20100630,26.38,12.95,51.12,0.00,0.99,2.42,5.24,0,0,0,0
2027,NISCA,Nedgroup Investments Stable Fund A,20100630,5.55,21.82,27.37,0.00,11.61,11.21,28.06,19.24,0,0,0
2027,NISCD,Nedgroup Investments Stable Fund A1,20100630,5.55,21.82,27.37,0.00,11.61,11.21,28.06,19.24,0,0,0
158,BOEV,Nedgroup Investments Value Fund R,20100630,18.2,12.85,60.37,0.00,3.65,0,4.92,0,0,0,0
158,BOVA,Nedgroup Investments Value Fund A,20100630,18.2,12.85,60.37,0.00,3.65,0,4.92,0,0,0,0
2157,RAFISA,NewFunds eRAFI÷ Overall SA Index Fund ,20100630,35.38,24.23,38.78,0.00,1.61,0,0,0,0,0,0
2247,RAFFIN,NewFunds eRAFI÷ SA Financial 15 Index Fund ,20100630,0,97.16,0,0.00,2.83,0,0,0,0,0,0
2245,RAFIND,NewFunds eRAFI÷ SA Industrial 25 Index Fund ,20100630,2.32,0,97.68,0.00,0,0,0,0,0,0,0
2246,RAFRES,NewFunds eRAFI÷ SA Resources 20 Index Fund ,20100630,100,0,0,0.00,0,0,0,0,0,0,0
2117,NEWFSA,NewFunds NewSA Index Fund ,20100630,38.06,25.62,35.24,0.00,1.07,0,0,0,0,0,0
2226,NFSH40,NewFunds Shari∆ah Top 40 Index Fund ,20100630,84.03,0,14.52,0.00,1.45,0,0,0,0,0,0
1927,NFBCA,NFB Balanced Fund of Funds A,20100630,11.33,4.06,14.57,0.06,12.5,20.84,17.44,12.65,4.43,0,2.17
1926,NFCCA,NFB Cautious Fund of Funds A,20100630,3.31,1.17,6.48,0.03,12.81,38.73,24.39,5.94,4.26,0,3.57
2159,NFEA1,NFB Equity Fund A1,20100630,21.67,11.23,49.9,0.91,0,0,15.29,0,0,0,0
2159,NFEA2,NFB Equity Fund A2,20100630,21.67,11.23,49.9,0.91,0,0,15.29,0,0,0,0
1621,MNWF,Noble PP All Weather Fund of Funds A,20100630,13.8,18.94,23.58,0.14,1.24,2.76,11.41,29.5,0,0,0.29
1561,MNBF,Noble PP Balanced Fund of Funds A,20100630,5.58,5.43,16.77,0.04,9.05,23.95,23.3,11.65,0.09,0,6.02
2143,MNFL,Noble PP Flexible Fund ,20100630,6.11,9.89,3.06,0.00,4.29,23.36,54.49,4.13,0.03,0,2.51
1562,MNSI,Noble PP Strategic Income Fund of Funds A,20100630,3.99,3,8.17,0.01,10.67,37.2,23.38,10.32,0.43,0,5.59
1563,MNWC,Noble PP Wealth Creator Fund of Funds A,20100630,8.54,8.02,29.24,0.19,10.75,7.67,18.43,12.81,0,0,6.31
745,OBUT,Oasis Balanced Fund ,20100630,0,0,62.69,0.00,3.73,5.81,19.23,8.52,0,0,0
1421,OBSF,Oasis Balanced Stable Fund of Funds ,20100630,0,0,33.17,0.00,11.46,17.17,20.71,15.51,0,0,1.95
1030,OBOF,Oasis Bond Fund ,20100630,0,0,0,0.00,0,76.64,23.35,0,0,0,0
2300,OCBHFD,Oasis Crescent Balanced High Equity Fund of Funds ,20100630,0,0,71.15,0.00,0,0,4.22,10.51,0,0,0.48
1666,CBPF,Oasis Crescent Balanced Progressive Fund of Funds ,20100630,0,0,74.22,0.00,5.3,0.17,5.29,7.12,0,0,3.24
2302,OCBSFD,Oasis Crescent Balanced Stable Fund of Funds ,20100630,0,0,33.31,0.00,0,0,14.99,10.42,0,0,0.22
219,OCEF,Oasis Crescent Equity Fund ,20100630,0,0,91.18,0.00,0,0,0.74,7.36,0,0,0.71
785,OCIF,Oasis Crescent International Feeder Fund ,20100630,0,0,0,0.00,0,0,0.32,99.68,0,0,0
1957,OCIPEF,Oasis Crescent International Property Equity Feeder Fund ,20100630,0,0,0,0.00,0,0,0.8,99.19,0,0,0
2038,OCWWF,Oasis Crescent Worldwide Flexible Fund of Funds ,20100630,0,0,63.38,0.00,0,0,0.76,33.02,0,0,2.82
784,OGEN,Oasis General Equity Fund ,20100630,0,0,97.02,0.00,0,0,2.57,0.41,0,0,0
990,OIFF,Oasis International Feeder Fund ,20100630,0,0,0,0.00,0,0,0.26,99.72,0,0,0
781,OMMU,Oasis Money Market Fund ,20100630,0,0,0,0.00,0,3.57,96.42,0,0,0,0
665,OPEF,Oasis Property Equity Fund ,20100630,0,0,20.41,0.00,73.03,0,0.45,6.11,0,0,0
269,OMAA,Old Mutual Active Quant Equity Fund A,20100630,16.39,19.21,56.59,0.00,5.73,0,0.88,0,0,0,0
63,OMSL,Old Mutual Balanced Fund R,20100630,16.03,25.49,22.88,0.00,8.29,11.1,14.3,12.52,0,0,0.85
63,OMBFA,Old Mutual Balanced Fund A,20100630,16.03,25.49,22.88,0.00,8.29,11.1,14.3,12.52,0,0,0.85
79,OMGI,Old Mutual Bond Fund R,20100630,0,0,0,0.00,0,90.38,9.6,0,0,0,0
2158,OMCBA,Old Mutual Capital Builder Fund A,20100630,34.4,13.58,24.02,0.00,0,3.83,24.16,0,0,0,0
1287,DYFF,Old Mutual Dynamic Floor Fund A,20100630,10.44,10.55,17.13,0.00,1.13,22.23,38.5,0,0,0,0
1412,OMEA,Old Mutual Enhanced Income Fund A,20100630,0,0,0,0.00,0.17,68.97,30.84,0,0,0,0
146,OMFS,Old Mutual Financial Services Fund R,20100630,0,98.16,0,0.00,0,0,1.84,0,0,0,0
146,OMSFA,Old Mutual Financial Services Fund A,20100630,0,98.16,0,0.00,0,0,1.84,0,0,0,0
104,OMFX,Old Mutual Flexible Fund R,20100630,19.19,22.84,26.92,0.00,7.7,2.17,14.62,16.52,0,0,0
104,OMFFA,Old Mutual Flexible Fund A,20100630,19.19,22.84,26.92,0.00,7.7,2.17,14.62,16.52,0,0,0
1286,DEFF,Old Mutual Four Plus Capital Fund of Funds A,20100630,7.33,7.42,12.04,0.00,0.79,15.62,56.77,0,0,0,0
306,OMAG,Old Mutual Four Plus Global Fund of Funds A,20100630,10.11,9.92,14.81,0.05,4.04,5.45,10.19,37.64,0,0,7.71
307,OMST,Old Mutual Four Plus Growth Fund of Funds A,20100630,12.95,9.24,16.2,0.00,3.73,17.82,22.55,16.95,0,0,1.62
1285,ECFF,Old Mutual Four Plus Secure Fund of Funds A,20100630,0,0,0,0.00,0,27.29,72.7,0,0,0,0
96,STNG,Old Mutual Futuregrowth Global Index Fund of Funds R,20100630,0,0,0,0.00,0,0,9.47,90.52,0,0,0
479,OMGB,Old Mutual Global Bond Feeder Fund A,20100630,0,0,0,0.00,0,0,3.62,0,96.37,0,0
95,OMGL,Old Mutual Global Equity Fund R,20100630,0,0,0,0.00,0,0,8.18,91.81,0,0,0
95,OMGA,Old Mutual Global Equity Fund A,20100630,0,0,0,0.00,0,0,8.18,91.81,0,0,0
295,OMBT,Old Mutual Global Technology Fund A,20100630,0,0,15.65,0.00,0,0,2.27,82.06,0,0,0
32,OMTG,Old Mutual Gold Fund R,20100630,66.2,0,13.14,0.00,0,0,2.51,18.15,0,0,0
32,OMGFA,Old Mutual Gold Fund A,20100630,66.2,0,13.14,0.00,0,0,2.51,18.15,0,0,0
719,OMGR,Old Mutual Growth Fund R,20100630,28.72,22.35,44.94,0.00,0.49,1.87,1.49,0,0,0,0
719,OMGRA,Old Mutual Growth Fund A,20100630,28.72,22.35,44.94,0.00,0.49,1.87,1.49,0,0,0,0
256,OMHY,Old Mutual High Yield Opportunity Fund A,20100630,22.64,16.06,53.65,0.00,2.95,3.37,4.7,0,0,0,0
35,OMTI,Old Mutual Income Fund R,20100630,0,0,0,0.00,0,74.98,25.01,0,0,0,0
196,OMCF,Old Mutual Industrial Fund A,20100630,3.47,0,91.24,1.07,0,1.36,4.21,0,0,0,0
196,OMIR,Old Mutual Industrial Fund R,20100630,3.47,0,91.24,1.07,0,1.36,4.21,0,0,0,0
375,OMIG,Old Mutual International Growth Fund of Funds A,20100630,0,0,0,0.00,0,0,3.62,56.87,39.5,0,0
9,OMTL,Old Mutual Investors Fund R,20100630,27.79,22.67,44.91,0.00,0.02,0,3.17,0,0,0,0
9,OMIFA,Old Mutual Investors Fund A,20100630,27.79,22.67,44.91,0.00,0.02,0,3.17,0,0,0,0
30,OMTM,Old Mutual Mining and Resources Fund R,20100630,83.89,0.01,1.35,0.00,0,0,2.8,11.94,0,0,0
30,OMMFA,Old Mutual Mining and Resources Fund A,20100630,83.89,0.01,1.35,0.00,0,0,2.8,11.94,0,0,0
197,OMMF,Old Mutual Money Market Fund A,20100630,0,0,0,0.00,0,0,100,0,0,0,0
1516,OMND,Old Mutual Namibia Dynamic Floor Fund ,20100630,10.61,10.61,17.11,0.00,1.15,22.11,38.38,0,0,0,0
1515,OMNE,Old Mutual Namibia Enhanced Income Fund ,20100630,0,0,0,0.00,0.15,57.15,37.47,0,0,0,0
92,OMNR,Old Mutual Namibia Growth Fund ,20100630,28.39,23.69,42.31,0.00,0,0,5.6,0,0,0,0
93,OMNI,Old Mutual Namibia Income Fund ,20100630,0,0,0,0.00,0,66.02,27.98,0,0,0,0
335,OMNM,Old Mutual Namibia Managed Fund ,20100630,16.35,26.09,22.96,0.00,6.31,4.13,6.72,16.47,0,0,2.85
770,OMNF,Old Mutual Nedbank Namibia Corporate Fund ,20100630,0,0,0,0.00,0,0,99.99,0,0,0,0
2188,OMNNB,Old Mutual Nedbank Namibia Money Market Fund ,20100630,0,0,0,0.00,0,0,100,0,0,0,0
2005,OMUA,Old Mutual RAFI 40 Tracker Fund A,20100630,40.99,26.59,30.75,0.00,0.92,0,0.74,0,0,0,0
1604,MICA,Old Mutual Real Income Fund A,20100630,2.28,2.73,12.4,0.00,10.59,53.36,17.21,0,0,0,0
1369,OMRE,Old Mutual SA Quoted Property Fund A,20100630,0,0,0,0.00,96.02,0,3.97,0,0,0,0
132,OMSC,Old Mutual Small Companies Fund R,20100630,14.71,8.68,67.78,0.00,0.78,0,8.03,0,0,0,0
132,OMCFA,Old Mutual Small Companies Fund A,20100630,14.71,8.68,67.78,0.00,0.78,0,8.03,0,0,0,0
1976,OMSGA,Old Mutual Stable Growth Fund A,20100630,5.98,11.4,8.19,0.00,6.22,37.57,23.7,14.25,0,0,0
720,OMSA,Old Mutual Top 40 Fund A,20100630,47.88,16.55,32.28,0.00,1.48,0,1.8,0,0,0,0
41,OMTC,Old Mutual Top Companies Fund R,20100630,25.75,22.03,46.18,0.00,0.48,2.68,0.56,0,0,0,0
41,OMTFA,Old Mutual Top Companies Fund A,20100630,25.75,22.03,46.18,0.00,0.48,2.68,0.56,0,0,0,0
377,OMUM,Old Mutual UK Money Market Feeder Fund A,20100630,0,0,0,0.00,0,0,0,0,0,0,100
2283,OMUMFA,Old Mutual US Dollar Feeder Fund A,20100630,0,0,0,0.00,0,0,2.85,0,0,0,97.14
183,OMVL,Old Mutual Value Fund R,20100630,29.05,18.95,47.44,0.00,0,2.54,4.56,0,0,0,0
183,OMVFA,Old Mutual Value Fund A,20100630,29.05,18.95,47.44,0.00,0,2.54,4.56,0,0,0,0
2141,OARF,Orange Absolute Return Fund ,20100630,14.09,11.18,7.38,0.00,0,0,67.53,0,0,0,0
1479,PTAF,Personal Trust Active Fund of Funds ,20100630,25.83,11.14,42.33,0.15,0.46,1.33,5.24,1.31,0,0,0.17
2148,PTCMF,Personal Trust Conservative Managed Fund ,20100630,9.04,5.52,14.03,0.00,4.44,41.09,8.05,0,10.81,0,5.39
1480,PTHY,Personal Trust High Yield Growth Fund ,20100630,4.47,12.26,75.97,0.00,0,12.74,7.29,0,0,0,0
1481,PTIC,Personal Trust Income Fund ,20100630,0,0,6.62,0.00,6.09,39.38,42.68,1.38,5.3,0,0
1986,PETB,Personal Trust Managed Fund ,20100630,18.11,6.4,24,0.00,2.51,14.98,20.23,5.42,8.15,0,0.18
1483,PTPF,Personal Trust Prudent Fund of Funds A,20100630,13.21,10.6,26.05,0.08,0.23,0.91,27.86,12.42,4.88,0,0.64
2250,PTSAE,Personal Trust SA Equity Fund ,20100630,23.47,9.57,49.42,0.00,0,0,12.46,0,0,0,0
1627,PTVF,Personal Trust Vuna Fund ,20100630,0,0.53,0,0.78,0,0,1.98,82.27,5.47,0,8.95
1645,MCPD,Phire Defensive Fund of Funds ,20100630,2.48,6.09,24.73,0.06,16.14,15.2,32.57,0,3.63,0,0.13
2181,PBFB1,Pioneer Balanced Fund of Funds B1,20100630,2.06,0.83,3.06,0.00,0,0,33.54,5.86,2.93,0,10.35
2180,PSFB1,Pioneer Stable Fund of Funds B1,20100630,1.8,0.72,2.66,0.00,0,0,62.47,2.87,3.87,0,10.46
1691,MPBP,Platinum Balanced Prudential Fund of Funds ,20100630,6.09,2.66,25.07,0.00,1.69,11.95,28.96,13.96,0.21,0,9.39
1692,MPFG,Platinum Flexible Growth Fund of Funds ,20100630,12.14,8.05,48.69,0.00,1.07,1.2,12.05,14.92,0.16,0,1.57
1693,MPIP,Platinum Income Provider Fund of Funds ,20100630,3.32,1.4,16.9,0.00,2.52,25.54,47.32,5.75,0.02,0,4.74
2229,PARF,Plexus Allrounder Fund ,20100630,8.64,6.27,9.83,0.00,0.42,0,74.8,0,0,0,0
2230,PEFF,Plexus Endurance Fund of Funds ,20100630,5.89,2.67,6.91,0.00,1.79,27.24,40.15,10.7,4.84,0,0.08
2231,PFIF,Plexus Flexible Income Fund ,20100630,0,0.01,0.61,0.00,2.35,42.34,55.29,0,0,0,0
2232,PIAF,Plexus International Allrounder Fund of Funds ,20100630,0,0,0.06,0.00,0.25,4.49,7.63,74.31,13.19,0,0.1
2234,PPFF,Plexus Pacer Fund of Funds ,20100630,13.41,8.18,15.23,0.00,1.5,15.47,30.7,12.26,3.33,0,0.04
2235,PRES,Plexus RAFI Enhanced SA Strategy Fund A,20100630,35.05,23.18,39.31,0.00,1.67,0,0.77,0,0,0,0
2233,PLSF,Plexus Sprinter Fund of Funds ,20100630,18.67,11.87,21.06,0.00,1.47,10.47,19.33,15.26,1.9,0,0.06
1705,PBFF,Prescient Balanced Quant Plus Fund A1,20100630,13.48,11.55,20.27,0.00,2.58,7.15,25.64,19.64,0,0,0
1704,PCQF,Prescient Cash QuantPlus Fund A1,20100630,0,0,0,0.00,0,0,100,0,0,0,0
1704,PCQFB5,Prescient Cash QuantPlus Fund A2,20100630,0,0,0,0.00,0,0,100,0,0,0,0
2128,PEAB4,Prescient Equity Active Quant Fund A1,20100630,21.05,21.39,38.47,0.00,5.57,12.09,2.37,0,0,0,0
2128,PEAB2,Prescient Equity Active Quant Fund B2,20100630,21.05,21.39,38.47,0.00,5.57,12.09,2.37,0,0,0,0
2128,PRQA1,Prescient Equity Active Quant Fund A2,20100630,21.05,21.39,38.47,0.00,5.57,12.09,2.37,0,0,0,0
1707,PEQF,Prescient Equity Quant Fund A1,20100630,36.76,14.17,27.66,0.00,1.32,0.41,21.26,0,0,0,0
2126,PGCA1,Prescient Global Cautious Feeder Fund A1,20100630,0,0,0,0.00,0,0,0.46,99.51,0,0,0.02
2127,PGGA1,Prescient Global Growth Feeder Fund A1,20100630,0,0,0,0.00,0,0,7.25,91.98,0,0,0.76
1708,PGQF,Prescient Global Income Feeder Fund A1,20100630,0,0,0,0.00,0,0,0.14,0,0,0,99.85
2115,PTXSPY,Property Index Tracker SAPY ,20100630,0,0,0,0.00,98.99,0,1,0,0,0,0
317,PRUA,Prudential Balanced Fund A,20100630,16.65,14.1,25.4,0.00,5.41,16.51,5.74,12.85,3.48,0,0.02
1513,PDIA,Prudential Dividend Income Fund A,20100630,0,0,0,0.00,0,0,100,0,0,0,0
319,PRUM,Prudential Dividend Maximiser Fund A,20100630,24.86,18.55,41.43,0.00,0.88,5.18,2.59,6.46,0,0,0.96
2248,PEICA,Prudential Enhanced Income Fund A,20100630,0,0.12,0,0.00,8.33,56.14,27.26,1.11,7.13,0,0
1594,PEPI,Prudential Enhanced SA Property Tracker Fund A,20100630,0,0.01,0,0.00,98.01,0,1.98,0,0,0,0
318,PRUO,Prudential Equity Fund A,20100630,25.93,20.38,40.92,0.00,3.15,4.02,2.01,1.34,1.06,0,1.22
696,PGHY,Prudential Global High Yield Bond Fund of Funds ,20100630,0,0,0,0.00,0,0,0.42,23.16,68.37,0,8.03
1388,PGCP,Prudential Global Income Plus Fund of Funds ,20100630,0,0,0,0.00,0,0,1.02,37.04,9.75,0,52.17
360,PGVF,Prudential Global Value Fund of Funds ,20100630,0,0,0,0.00,0,0,1.76,98.23,0,0,0
697,PHYB,Prudential High Yield Bond Fund A,20100630,0,0,0,0.00,0,98.01,1.98,0,0,0,0
749,PRIP,Prudential Inflation Plus Fund A,20100630,10.45,4.37,8.85,0.00,9.72,45.11,4.52,8.19,8.78,0,0.05
983,PMMF,Prudential Money Market Fund A,20100630,0,0,0,0.00,0,0,100,0,0,0,0
2154,PNBCA,Prudential Namibian Balanced Fund A,20100630,23.04,8.6,11.79,0.00,3.17,0,32.19,16.11,0,0,0
1367,PNIP,Prudential Namibian Inflation Plus Fund ,20100630,10.7,7.35,5.97,0.00,10.27,32.5,5.89,18.53,0.9,0,0
303,APFF,PSG Alphen Balanced Fund ,20100630,7.64,11.16,30.04,0.43,2.27,0,35.68,18.21,0,0,0.63
663,PSTF,PSG Alphen Equity Fund of Funds A,20100630,26.28,18.11,43.2,0.00,1.22,1.81,3.97,3.79,0.25,0,0.29
1755,PSFF,PSG Alphen Foreign Flexible Fund of Funds ,20100630,0,0,0,0.00,0,0,1.21,75.78,0,0,23
164,PSGG,PSG Alphen Growth Fund ,20100630,28.12,2.12,66.51,0.92,0,2.43,17.39,0,0,0,0
251,PSGF,PSG Alphen Income Fund of Funds A,20100630,7.37,3.11,6.9,0.00,2.28,29.03,53.78,6.82,0.01,0,0.01
1620,PSAI,PSG Alphen Optimal Income Fund ,20100630,14.08,7.3,17.14,0.00,2.5,6.45,93.71,0,0,0,0
873,APRF,PSG Alphen Prudential Fund of Funds ,20100630,2.24,2.15,6.42,0.07,2.34,29.58,41.05,17.24,0.02,0,0.13
1569,PAWC,PSG Konsult Creator Fund of Funds A,20100630,27.22,14.24,48.96,0.03,1.69,0.85,4.88,0.44,0.21,0,0.24
1572,PAWI,PSG Konsult Income Fund of Funds A,20100630,0,0,1.46,0.00,3.04,66.31,29.05,0,1.58,0,0
324,PSGI,PSG Konsult International Fund of Funds ,20100630,0,0,0,0.00,0,0,1.87,76.55,18.29,0,3.27
1571,PAWM,PSG Konsult Moderate Fund of Funds A,20100630,9.95,5.52,32.66,0.01,2.67,9.51,18.93,17.87,0.27,0,0.99
1570,PAWP,PSG Konsult Preserver Fund of Funds A,20100630,9.91,3.54,13.77,0.00,2.99,21.84,33.67,9.9,2.26,0,2.77
758,APMF,PSG Macro Active Fund of Funds ,20100630,0,0,0,0.00,0,0,100,0,0,0,0
246,PSGM,PSG Money Market Fund ,20100630,0,0,0,0.00,0,0,100,0,0,0,0
1754,PPDV,PSG Preferred Dividend Fund ,20100630,0,0,87.68,0.00,0,86.71,12.32,0,0,0,0
252,PSGO,PSG Tanzanite Flexible Fund ,20100630,6.93,11.89,31.51,1.49,3.64,0,30.51,14,0,0,0.01
1510,MQUB,Quantum Balanced Fund of Funds A,20100630,15.53,8.25,24.04,0.09,2.63,10.17,23.89,0.3,0.14,0,0.18
1511,MQCP,Quantum Capital Plus Fund of Funds A,20100630,12.06,6.93,15.5,0.03,2.73,15.54,38.06,0.66,0,0,0.13
1512,MQCO,Quantum Conservative Fund of Funds ,20100630,11.09,5.79,16.24,0.03,2.23,11.92,44.21,0.54,0,0,0.07
2213,MQCI,Quantum Core Income Fund ,20100630,0,0,0.87,0.00,7.07,40.54,52.37,0,0,0,0
2051,MQWF,Quantum Worldwide Flexible Fund of Funds ,20100630,12.19,7.64,21.14,0.23,1.16,0.67,19.82,2.21,0.09,0,0.11
1408,MRFM,RCI Flexible Managed Fund A,20100630,38.06,11.98,24.34,0.00,3.55,0,15.24,0,0,0,0
1541,RCFFB,RE+CM Flexible Equity Fund B,20100630,12.04,22.73,41.22,0.00,0,0,24.01,0,0,0,0
1924,RCMG,RE+CM Global Feeder Fund A,20100630,0,0,0,0.00,0,0,0.3,97.29,0,0,2.39
1326,RCGFA,RE+CM Global Flexible Fund A,20100630,8.48,16.22,31.2,0.00,0,4.41,18.69,22.06,0,0,0.15
1464,RVTU,Rezco Value Trend Fund ,20100630,7.43,10.14,20.86,0.00,1.19,0,49.76,1.29,7.94,0,0
1330,RMFA,RMB Absolute Focus Fund A,20100630,38.33,16.05,25.32,0.00,0.67,0,19.17,0,0,0,0
78,RMBF,RMB Balanced Fund R,20100630,16.04,20.65,22.3,0.00,2.99,12.08,13.38,12.53,0,0,0.01
78,RBFA,RMB Balanced Fund A,20100630,16.04,20.65,22.3,0.00,2.99,12.08,13.38,12.53,0,0,0.01
77,RMGF,RMB Bond Fund A,20100630,0,-4.8,0,0.00,0,101.16,-1.16,0,0,0,0
1549,RCCA,RMB Conservative Fund A,20100630,9.92,8.96,10.3,0.00,3.31,19.63,38.66,3.87,0,0,4.83
1375,RMBM,RMB Diversified Yield Fund A,20100630,0,-0.92,0,0.00,0,71.02,28.97,0,0,0,0
5,RMEF,RMB Equity Fund R,20100630,28.42,30.18,33.96,0.00,3.16,0,3.03,0,0,0,0
5,REFA,RMB Equity Fund A,20100630,28.42,30.18,33.96,0.00,3.16,0,3.03,0,0,0,0
1795,REIFCA,RMB Euro Income Fund A,20100630,0,0,0,0.00,0,0,0.9,0,0,0,99.09
199,RMFS,RMB Financial Services Fund A,20100630,0,96.32,1.48,0.00,0,1.48,2.19,0,0,0,0
107,SAGG,RMB Global Fund ,20100630,0,0,0,0.00,0,0,0.26,99.4,0,0,0.32
1537,RMDF,RMB High Dividend Fund A,20100630,33.5,16.35,36.39,0.00,0.78,0,12.96,0,0,0,0
332,RMHT,RMB High Tide Fund A,20100630,20.88,28.82,20.67,0.00,0,14.5,7.1,0,0,0,8.03
1548,RICA,RMB Income Plus Fund A,20100630,0,-23.62,0,0.00,0,46.02,34.48,0,12.54,0,6.95
201,RMCF,RMB Industrial Fund A,20100630,3.94,0,84.54,0.00,0,0,8.22,3.25,0,0,0.04
1721,RIBA,RMB International Balanced Fund of Funds A,20100630,0,0,0,0.00,0,0,-1.04,60.09,0,0,40.94
471,RMIB,RMB International Bond Fund A,20100630,0,0,0,0.00,0,0,1.2,0,77.95,0,20.84
752,RMIH,RMB International Conservative Fund of Funds A,20100630,0,0,0,0.00,0,0,3.12,19.6,0,0,77.27
301,RMBI,RMB International Equity Fund of Funds A,20100630,0,0,0,0.00,0,0,1.04,98.46,0,0,0.49
193,RMII,RMB International Income Fund A,20100630,0,0,0,0.00,0,0,2.12,0,3.79,0,94.08
76,RMMF,RMB Maximum Income Fund A,20100630,0,-1.41,0,0.00,0,70.33,29.67,0,0,0,0
1550,RMCA,RMB Moderate Fund A,20100630,13.16,22.56,15.67,0.00,5.36,18.44,16.92,4.99,0,0,3.63
280,RMMM,RMB Money Market Fund ,20100630,0,0,0,0.00,0,0,100,0,0,0,0
2033,RPDB1,RMB Private Bank Defensive Fund of Funds B1,20100630,0,-29.76,37.94,0.00,29.99,9.82,22.25,0,0,0,0
2073,RMAE,RMB Private Bank Equity Fund A,20100630,30.02,27.32,37.97,0.00,0,0,4.68,0,0,0,0
2032,RMPB1,RMB Private Bank Global Flexible Fund of Funds B1,20100630,0,0,0,0.00,0,0,0.44,58.32,0,0,41.23
2034,RPGB1,RMB Private Bank Growth Fund of Funds B1,20100630,9.15,5.07,14.93,0.00,0,0,1.81,0,0,0,0
2029,RPBB1,RMB Private Bank Income Fund of Funds B1,20100630,0,-8.49,0,0.00,0,59.86,33.87,0,4.02,0,2.23
1423,RBPF,RMB Property Fund A,20100630,0,0,0,0.00,88.6,0,11.4,0,0,0,0
1982,RMPDA,RMB Protected Dividend Fund A,20100630,0,0,0,0.00,0,0,100,0,0,0,0
21,SAGR,RMB Resources Fund ,20100630,92.01,0,0,0.00,0,0,2.14,5.7,0,0,0.14
176,SAGS,RMB SciTech Fund of Funds ,20100630,0,0,18.49,0.00,0,0,5.02,53.57,0,0,22.9
470,RMEC,RMB Small Mid-Cap Fund A,20100630,6.35,2.44,73.15,0.69,0,1.78,17.36,0,0,0,0
1797,RSIFCA,RMB Sterling Income Fund A,20100630,0,0,0,0.00,0,0,2.11,0,4.4,0,93.48
15,RMSF,RMB Strategic Opportunities Fund R,20100630,25.76,24.59,43.33,0.00,0,0,5.14,1.13,0,0,0.04
15,RSOA,RMB Strategic Opportunities Fund A,20100630,25.76,24.59,43.33,0.00,0,0,5.14,1.13,0,0,0.04
105,RMBT,RMB Top 40 Index Fund A,20100630,47.32,17.34,31.41,0.00,1.46,0,2.46,0,0,0,0
1799,RUIFCA,RMB US Dollar Income Fund A,20100630,0,0,0,0.00,0,0,0.71,0,1.92,0,97.37
200,RMVF,RMB Value Fund A,20100630,33.41,17.38,37.8,0.00,0,0,2.03,9.17,0,0,0.19
108,SAGP,RMB Worldwide Flexible Fund ,20100630,18.64,12.54,13.43,0.00,0,0,8.76,39.56,0,0,5.89
1923,SBRB,S BRO Balanced Fund of Funds ,20100630,12.87,9.33,24.33,0.07,11.25,5.91,22.48,11.39,1.14,0,-0.01
1925,SBRD,S BRO Defensive Fund of Funds ,20100630,7.9,7.93,14.75,0.04,9.19,21.93,33.16,4.38,1.53,0,0.74
1687,MSAF,Salvo Cautious Fund of Funds A,20100630,12.49,6.75,10.34,0.00,1.44,11.09,59.19,0,0,0,0
2001,SSB1,Sanlam All Share Index Fund B1,20100630,41.19,16.11,35.87,0.00,3.12,0.13,3.96,0,0,0,0
1972,SAAIA1,Sanlam Alternative Income Fund A1,20100630,0,0,0,0.00,0,0,100,0,0,0,0
662,SANA,Sanlam Asia Pacific Fund of Funds ,20100630,0,0,0,0.00,0,0,-1.21,97.51,0,0,3.69
2222,SADCA1,Sanlam Dividend Income Fund of Funds A1,20100630,0,0,0,0.00,0,53.58,46.42,0,0,0,0
2222,SADCA2,Sanlam Dividend Income Fund of Funds A2,20100630,0,0,0,0.00,0,53.58,46.42,0,0,0,0
2222,SADCA3,Sanlam Dividend Income Fund of Funds A3,20100630,0,0,0,0.00,0,53.58,46.42,0,0,0,0
2222,SADCA4,Sanlam Dividend Income Fund of Funds A4,20100630,0,0,0,0.00,0,53.58,46.42,0,0,0,0
81,SORT,Sanlam Global Equity Fund R,20100630,0,0,0,0.00,0,0,0.67,96.98,0,0,2.34
81,SGTA,Sanlam Global Equity Fund A,20100630,0,0,0,0.00,0,0,0.67,96.98,0,0,2.34
2000,SLB1,Sanlam Global Index Fund of Funds B1,20100630,0,0,0,0.00,0,0,0.89,58.07,40.51,0,0.51
1398,SAIB,Sanlam International Balanced Fund of Funds ,20100630,0,0,0,0.00,0,0,-4.18,68.5,19.76,0,15.91
746,SAIG,Sanlam International Bond Fund of Funds ,20100630,0,0,0,0.00,0,0,2.55,0,92.16,0,5.27
1399,SAIA,Sanlam International Defensive Fund of Funds ,20100630,0,0,0,0.00,0,0,2.18,34.13,27.3,0,36.38
371,SNFF,Sanlam International Equity Fund of Funds ,20100630,0,0,0,0.00,0,0,0.57,99.1,0,0,0.32
1973,SNACA,Sanlam Namibia Active Fund A,20100630,1.23,-1.23,0,0.00,3.9,35.18,60.91,0,0,0,0
747,SNNE,Sanlam Namibia Enhanced Cash Fund A,20100630,0,0,93.73,0.00,0,0,6.26,0,0,0,0
1329,SNNG,Sanlam Namibia Gilt Fund A,20100630,0,0,0,0.00,0,39.42,9.21,0,0,0,0
564,SANG,Sanlam Namibia Global Trust ,20100630,0,94.3,0,0.00,0,0,5.67,94.3,0,0,0.02
69,SNGR,Sanlam Namibia Growth Trust ,20100630,21.17,22.33,44.55,0.00,1.12,0,9.96,0.86,0,0,0
70,SANI,Sanlam Namibia Income Trust A,20100630,0,0,0,0.00,0,28.29,66.3,0,0,0,0
1376,SNIL,Sanlam Namibia Inflation Linked Fund A,20100630,7.85,9.56,11.98,0.00,2.54,33.41,31.27,0.32,0,0,4.24
565,SANM,Sanlam Namibia Managed Prudential Fund A,20100630,14.11,13.41,24.97,0.00,3.87,6.74,8.51,15.02,4.23,0,0.35
1328,SNNM,Sanlam Namibia Money Market Fund ,20100630,0,0,0,0.00,0,0,100,0,0,0,0
250,SNEG,Sanlam Pan Europe Fund ,20100630,0,0,0,0.00,0,0,1.07,96.87,0,0,2.05
1634,MPBF,Sasfin Balanced Fund ,20100630,5.53,10.61,26.5,0.00,0.63,1.16,56.73,0,0,0,0
1579,MSSR,Sasfin Equity Fund ,20100630,37.29,15.06,45.46,0.00,0,0,2.19,0,0,0,0
1580,MSTT,Sasfin TwentyTen Fund ,20100630,24.79,0,75.14,0.00,0,0,0.07,0,0,0,0
1636,MPWP,Sasfin Wealth Preserver Fund ,20100630,16.7,1.67,22.05,0.00,18.25,3.95,36.51,0,0,0,0
1461,STX40,Satrix 40 Portfolio A,20100630,48.5,17.48,32.01,0.00,1.49,0,0.5,0,0,0,0
1985,STXDIV,Satrix DIVI Plus Portfolio A,20100630,5.72,28.04,65.01,0.00,0,0,1.23,0,0,0,0
1462,STXFIN,Satrix FINI Portfolio A,20100630,0,88.1,0,0.00,10.23,0,1.66,0,0,0,0
1463,STXIND,Satrix INDI Portfolio A,20100630,7.23,0,92.4,0.00,0,0,0.36,0,0,0,0
2169,STXRAF,Satrix RAFI 40 Total Return Portfolio A,20100630,41.28,26.8,30.96,0.00,0.92,0,0.02,0,0,0,0
1662,STXRES,Satrix RESI Portfolio A,20100630,99.89,0,0,0.00,0,0,0.11,0,0,0,0
1663,STXSWX,Satrix SWIX TOP 40 Portfolio A,20100630,36.37,23.54,37.67,0.00,1.71,0,0.7,0,0,0,0
1401,MSMI,Select Manager Cautious Managed Fund of Funds A,20100630,8.96,10.98,11.04,0.00,5.2,11.73,41.78,1.73,0.19,0,1.76
1578,MSMD,Select Manager Defensive Equity Fund of Funds ,20100630,21.63,25.55,31.3,0.02,0.54,0.22,6.03,1.7,0,0,0
2215,MSML,Select Manager Flexible Fund ,20100630,19.78,13.03,41.67,0.00,0,0,22.26,0,0,0,0
1427,MSGP,Select Manager Flexible Growth Fund of Funds A,20100630,15,16.89,23.57,0.02,10.64,7.56,12.58,1.55,0.18,0,0.66
1426,MSGG,Select Manager Global Growth Fund of Funds A,20100630,0,0,0.11,0.00,0,0,1.43,53.75,0,0,44.7
2125,MSMM,Select Manager Money Market Fund A,20100630,0,0,0,0.00,0,0,99.99,0,0,0,0
1402,MSMP,Select Manager Prudential Active Fund of Funds A,20100630,11.69,12.37,18.6,0.01,8.53,9.22,28.88,1.34,0.15,0,0.74
1588,SEDIF,Sentinel IP Diversified Income Fund of Funds ,20100630,3.26,0.29,3.76,0.00,3.97,23.28,58.78,4.46,1.24,0,2.87
1523,SEFFF,Sentinel IP Flexible Fund of Funds A,20100630,13.81,4.45,19.19,0.14,1.01,16.25,30.44,16.78,0,0,3.58
1524,SEPFF,Sentinel IP Prudential Fund of Funds A,20100630,10.39,3.73,14.46,0.09,1.48,20.86,44.49,9.63,0,0,2.34
2163,SEWFF,Sentinel IP Worldwide Flexible Fund of Funds ,20100630,17.6,5.59,20.24,0.12,0.23,1.14,21.06,26.33,0.11,0,9.84
1395,SAAR,SIM Absolute Return Income Fund ,20100630,0.29,-0.29,0,0.00,3.27,49.65,47.06,0,0,0,0
1756,SAIFA1,SIM Active Income Fund A1,20100630,1.25,-1.25,0,0.00,3.99,34.69,61.31,0,0,0,0
82,SPRT,SIM Balanced Fund R,20100630,13.98,13.24,25.18,0.00,3.78,16.12,9.21,14.64,4.19,0,0.21
82,SBFA,SIM Balanced Fund A,20100630,13.98,13.24,25.18,0.00,3.78,16.12,9.21,14.64,4.19,0,0.21
109,SNGF,SIM Bond Plus Fund ,20100630,0,0,0,0.00,0,98.99,0.99,0,0,0,0
558,SANF,SIM Financial Fund ,20100630,0,87.39,0,0.00,0,0,0.51,12.03,0,0,0.06
12,SNTR,SIM General Equity Fund R,20100630,25.59,24.73,42.33,0.00,1.81,1.94,1.19,4.33,0,0,0
12,SGEA,SIM General Equity Fund A,20100630,25.59,24.73,42.33,0.00,1.81,1.94,1.19,4.33,0,0,0
1872,SLFA,SIM Global Best Ideas Feeder Fund A,20100630,0,0,0,0.00,0,0,3.19,96.81,0,0,0
1872,SIGA1,SIM Global Best Ideas Feeder Fund A1,20100630,0,0,0,0.00,0,0,3.19,96.81,0,0,0
24,SNPT,SIM Growth Fund R,20100630,24.2,19.53,40.62,0.00,0,0.48,1.49,14.11,0,0,0.04
24,SGFA,SIM Growth Fund A,20100630,24.2,19.53,40.62,0.00,0,0.48,1.49,14.11,0,0,0.04
13,SNXT,SIM Index Fund ,20100630,48.34,17.49,31.9,0.00,1.48,0,0.84,0,0,0,0
22,SNIT,SIM Industrial Fund R,20100630,7.84,2.24,75.2,0.19,1.63,0,3.21,9.43,0,0,0.24
22,SIFA,SIM Industrial Fund A,20100630,7.84,2.24,75.2,0.19,1.63,0,3.21,9.43,0,0,0.24
293,SMXF,SIM Inflation Plus Fund ,20100630,7.19,7.89,10.94,0.00,2.7,31.07,23.25,5.26,2.85,0,9.97
1669,SMAA1,SIM Managed Aggressive Fund of Funds A1,20100630,14.62,13.05,23.59,0.00,5.17,7.38,16.71,16.18,2.68,0,1.21
1670,SMCA1,SIM Managed Cautious Fund of Funds A1,20100630,3.07,2.06,5.04,0.00,4.82,23.18,43.56,5.74,7.72,0,4.94
1758,SMCFA1,SIM Managed Conservative Fund of Funds A1,20100630,1.58,0.68,2.01,0.00,4.98,25.94,47.77,4.68,7.55,0,4.84
1757,SMMAA1,SIM Managed Moderate Aggressive Fund of Funds A1,20100630,11.44,9.97,18.24,0.00,5.3,13.27,22.7,12.53,4.53,0,2.47
1671,SMMA1,SIM Managed Moderate Fund of Funds A1,20100630,9.39,8.1,14.96,0.00,5.53,15.84,27.03,10,6.17,0,3.38
127,SNMM,SIM Money Market Fund R,20100630,0,0,0,0.00,0,0,100,0,0,0,0
1396,SAPF,SIM Property Fund A,20100630,0,0,0,0.00,95.64,0,4.35,0,0,0,0
243,SNFT,SIM Resources Fund ,20100630,54.9,0,0.78,0.00,0,0,1.15,42.99,0,0,0.17
126,SNST,SIM Small Cap Fund R,20100630,8.83,12.17,67.9,1.14,0,2.52,5.05,4.91,0,0,0
126,SSCA,SIM Small Cap Fund A,20100630,8.83,12.17,67.9,1.14,0,2.52,5.05,4.91,0,0,0
1673,STCA1,SIM Top Choice Equity Fund A1,20100630,26,22.92,40.48,0.00,0,0,3.04,7.55,0,0,0
249,SNVL,SIM Value Fund ,20100630,20.04,18.01,41.85,0.00,1.32,1.53,5.06,13.71,0,0,0
2008,MBIC,Skyblue Cumulus Moderate Fund of Funds ,20100630,6.17,3.87,20.1,0.00,1.1,24.14,35.71,9.85,0.21,0,8.19
2010,MBIK,Skyblue Kimberlite Cautious Fund of Funds ,20100630,2.57,1.83,35.8,0.00,0.99,30.54,30.31,11.5,0.22,0,7.62
2011,MBIS,Skyblue Solar Flexible Fund of Funds ,20100630,19.29,3.86,14.2,0.00,2.06,12.43,26.57,21.57,0,0,0
1801,SBSA,SMMI Absolute Solution 5 Fund of Funds A,20100630,7.27,3.02,4.94,0.00,0.03,0,8.57,0.05,0,0,0
284,SMPF,SMMI Balanced Fund of Funds A,20100630,0,0,0,0.00,0,9.61,28.88,5.8,2.02,0,6.29
276,SDFF,SMMI Defensive Fund of Funds ,20100630,7.67,3.19,5.21,0.00,0.03,0,6.87,0.05,0,0,0
283,SAFF,SMMI Equity Fund of Funds ,20100630,0,0,0,0.00,0,0,1.18,14.84,0,0,0.06
1809,SLSA,SMMI Long Term Growth Solution 7 Fund of Funds A,20100630,11.35,9.18,16.02,0.00,0.04,0,15.26,0.05,0,0,0
1814,SPSA,SMMI Protection Solution 3 Fund of Funds A,20100630,8.73,3.52,5.87,0.00,0.86,12.5,24.62,0.06,0,0,0
2014,MSCB,Southern Charter Balanced Fund of Funds ,20100630,7.95,4.53,24.38,0.00,10.3,19.19,14.36,10.27,4.27,0,0.68
2016,MSCS,Southern Charter Defensive Fund of Funds ,20100630,6.51,5.5,12.36,0.00,11.25,27.49,21.64,8.47,6.13,0,0.91
2015,MSCR,Southern Charter Growth Fund of Funds ,20100630,10.22,5.86,32.64,0.00,10.81,11.75,8.12,11.22,3.49,0,0.64
2060,SBFFA,Standard Bank Fundisa Fund A,20100630,0,0,0,0.00,0,97.27,2.72,0,0,0,0
130,STMM,Standard Bank Money Market Fund R,20100630,0,0,0,0.00,0,0,100,0,0,0,0
1603,STBC,Standard Bank Namibia Cash Plus Fund A,20100630,0,0,0,0.00,0,0,100,0,0,0,0
1603,SPCN,Standard Bank Namibia Cash Plus Fund R,20100630,0,0,0,0.00,0,0,100,0,0,0,0
1602,SNFA,Standard Bank Namibia Flexible Property Income Fund A,20100630,0,0,0,0.00,31.87,23.19,44.92,0,0,0,0
1601,SBNI,Standard Bank Namibia Income Fund A,20100630,0,0,0,0.00,0,78.06,11.25,0,0,0,0
2140,SBNFA,Standard Bank Namibia Inflation Plus Fund A,20100630,2.73,2.84,4.61,0.00,4.79,19.68,64.66,0,0,0,0
1600,STBN,Standard Bank Namibia Managed Fund A,20100630,18.83,12.14,24.74,0.00,3.4,4.12,14.41,10.9,7.75,0,0.03
1600,STNMF,Standard Bank Namibia Managed Fund R,20100630,18.83,12.14,24.74,0.00,3.4,4.12,14.41,10.9,7.75,0,0.03
2263,SBNMR,Standard Bank Namibia Money Market Fund R,20100630,0,0,0,0.00,0,0,100,0,0,0,0
2263,SBNMM,Standard Bank Namibia Money Market Fund A,20100630,0,0,0,0.00,0,0,100,0,0,0,0
1552,STAA,STANLIB Aggressive Fund of Funds A,20100630,21.15,17.63,29.83,0.26,4.52,4.76,11.42,0.27,0,0,0
1551,SAFA,STANLIB Aggressive Income Fund A,20100630,19.07,-18.65,5.28,0.00,24.73,64.77,10.48,0,0,0,0
362,LBFT,STANLIB ALSI 40 Fund A,20100630,36.09,15.25,24.02,0.00,1.12,0,2.1,0,0,0,0
2209,SBCFA,STANLIB Balanced Cautious Fund A,20100630,12.3,2.23,13.28,0.00,4.59,14.3,39.21,9.77,4.29,0,0
72,GDBS,STANLIB Balanced Fund B1,20100630,19.8,10.14,28.14,0.00,3.56,8.89,12.65,11.94,4.87,0,0
72,LISA,STANLIB Balanced Fund A,20100630,19.8,10.14,28.14,0.00,3.56,8.89,12.65,11.94,4.87,0,0
72,SSRF,STANLIB Balanced Fund R,20100630,19.8,10.14,28.14,0.00,3.56,8.89,12.65,11.94,4.87,0,0
1404,SBTF,STANLIB Balanced Trustees Fund of Funds A,20100630,6.6,2.84,11.98,0.00,1.25,16.74,51.09,5.82,2.47,0,1.37
361,LBBF,STANLIB Bond Fund A,20100630,0,0,0,0.00,0,95.74,4.25,0,0,0,0
361,SBFR,STANLIB Bond Fund R,20100630,0,0,0,0.00,0,95.74,4.25,0,0,0,0
1819,SCPA,STANLIB Cash Plus Fund A,20100630,0,0,0,0.00,0,12.27,87.72,0,0,0,0
1553,SCFA,STANLIB Conservative Fund of Funds A,20100630,4.06,-5.42,5.6,0.07,8.86,22.39,54.41,0.02,0,0,0
1495,SCBF,STANLIB Corporate Bond Fund A,20100630,0,0,0,0.00,0,78.08,21.91,0,0,0,0
1467,SDIA,STANLIB Dividend Income Fund A,20100630,0,0,0,0.00,0,102.81,-2.81,0,0,0,0
1617,SBAA,STANLIB Dynamic Return Fund A,20100630,4.2,6.11,14.46,0.00,0.58,17.53,54.11,2.28,0,0,0
4,GDBK,STANLIB Equity Fund R,20100630,21.4,18.07,37.62,0.00,0,0,2.44,20.46,0,0,0
4,LIWA,STANLIB Equity Fund A,20100630,21.4,18.07,37.62,0.00,0,0,2.44,20.46,0,0,0
1262,STEC,STANLIB Euro Currency Fund of Funds A,20100630,0,0,0,0.00,0,0,3.91,0,0,0,96.08
257,STEG,STANLIB European Equity Feeder Fund A,20100630,0,0,0,0.00,0,0,1.82,98.09,0,0,0.09
36,STDI,STANLIB Extra Income Fund R,20100630,0,0,0,0.00,0,2.89,97.1,0,0,0,0
363,LBFF,STANLIB Financials Fund A,20100630,0,96.94,0,0.05,0,0,3,0,0,0,0
1403,STFA,STANLIB Flexible Income Fund A,20100630,4.33,-4.33,2.14,0.00,4.33,79.19,16.46,0,0,0,0
723,STUA,STANLIB Global Bond Feeder Fund A,20100630,0,0,0,0.00,0,0,4.67,35.07,60.25,0,0
660,SBAQ,STANLIB Global Equity Feeder Fund A,20100630,0,0,0,0.00,0,0,1.37,98.54,0,0,0.08
660,SEFF,STANLIB Global Equity Feeder Fund R,20100630,0,0,0,0.00,0,0,1.37,98.54,0,0,0.08
1496,SIPF,STANLIB Global Property Feeder Fund A,20100630,0,0,0,0.00,0,0,6.59,93.4,0,0,0
736,LIFW,STANLIB Global Science and Technology Fund A,20100630,0,0,26.28,0.00,0,0,6.92,51.26,0,0,15.53
27,STDG,STANLIB Gold and Precious Metals Fund R,20100630,70.45,0,0,0.00,0,0,7.32,13.42,0,0,3.05
27,SBAG,STANLIB Gold and Precious Metals Fund A,20100630,70.45,0,0,0.00,0,0,7.32,13.42,0,0,3.05
99,GDBC,STANLIB Growth Fund R,20100630,33.67,22.54,42.7,0.55,0,0,0.53,0,0,0,0
99,LCFA,STANLIB Growth Fund A,20100630,33.67,22.54,42.7,0.55,0,0,0.53,0,0,0,0
34,GDBI,STANLIB Income Fund R,20100630,0,0,0,0.00,0,88.21,11.78,0,0,0,0
85,STBI,STANLIB Index Fund R,20100630,35.86,16.26,29.85,0.00,2.33,0.05,1.03,0,0,0,0
46,GDKI,STANLIB Industrial Fund R,20100630,0,0,89.79,0.00,0,0,5.47,4.73,0,0,0
46,LIIA,STANLIB Industrial Fund A,20100630,0,0,89.79,0.00,0,0,5.47,4.73,0,0,0
1820,STIBFA,STANLIB Inflation Plus 3% Fund A,20100630,17.02,-9.95,6.15,0.19,16.98,51.19,6.36,1.46,0,0,9.38
724,STIA,STANLIB International Aggressive Fund of Funds A,20100630,0,0,0,0.00,0,0,4.83,83.08,7.5,0,4.58
725,STIB,STANLIB International Balanced Fund of Funds A,20100630,0,0,0,0.00,0,0,1.25,57.97,26.2,0,14.56
726,STCA,STANLIB International Conservative Fund of Funds A,20100630,0,0,0,0.00,0,0,2.6,38.22,19.56,0,39.6
268,STMF,STANLIB Managed Flexible Fund A,20100630,14.02,1.9,15,0.20,16.09,27.17,12.3,3.26,0,0,12.31
1554,SFFA,STANLIB Moderate Fund of Funds A,20100630,12.88,6.81,18.91,0.17,4.53,22.25,26.34,0.16,0,0,0
1555,SMAA,STANLIB Moderately Aggressive Fund of Funds A,20100630,18.05,10.93,25.49,0.27,4.66,12.64,18.45,0.21,0,0,0
1556,SMFA,STANLIB Moderately Conservative Fund of Funds A,20100630,8.46,-0.18,12.75,0.12,8.8,22.16,36.73,0.11,0,0,0
1822,STMMAA,STANLIB Multi-Manager All Stars Equity Fund of Funds A,20100630,30.91,13.8,48.3,0.15,1,0.97,4.04,0.12,0.09,0,0.11
988,STMB,STANLIB Multi-Manager Bond Feeder Fund A,20100630,0,0,0,0.00,0,83.64,16.31,0,0,0,0
230,GDSE,STANLIB Multi-Manager Equity Fund A1,20100630,26.34,15.61,50.59,0.00,1.65,0.61,3.27,1.71,0,0,0
1490,SMCI,STANLIB Multi-Manager Flexible Property Fund A,20100630,8.05,-8.05,7.27,0.00,60.83,23.97,13.32,0,0,0,0
690,LIMA,STANLIB Multi-Manager Global Equity Feeder Fund A,20100630,0,0,0,0.00,0,0,1.36,97.81,0,0,0.82
690,SMMR,STANLIB Multi-Manager Global Equity Feeder Fund R,20100630,0,0,0,0.00,0,0,1.36,97.81,0,0,0.82
986,STHE,STANLIB Multi-Manager High Equity Fund of Funds A,20100630,17.9,10.45,33.62,0.00,7.85,5.99,8.35,9.66,3.29,0,2.35
989,STMI,STANLIB Multi-Manager Income Feeder Fund A,20100630,0,0,0,0.00,0,47.63,52.36,0,0,0,0
984,STLE,STANLIB Multi-Manager Low Equity Fund of Funds A,20100630,8.03,4.36,13.74,0.00,7.72,26.34,30.43,4.33,2.17,0,3.11
985,STEM,STANLIB Multi-Manager Medium Equity Fund of Funds A,20100630,14.11,8.09,25.8,0.00,10.61,14.13,14.39,6.86,2.25,0,3.57
1317,STMP,STANLIB Multi-Manager Property Fund A,20100630,0,0,0,0.00,96.52,0,3.47,0,0,0,0
1527,SMRA,STANLIB Multi-Manager Real Return Feeder Fund A,20100630,0,95.85,0,0.00,3.93,24.16,22.82,0.66,0,0,0
333,SMNF,STANLIB Multi-National Fund A,20100630,27.07,11.37,18.81,0.00,0,0,2.94,39.2,0,0,0.6
1908,STNA,STANLIB Nationbuilder Fund A,20100630,14.94,16.45,64.35,0.00,0,3.26,4.26,0,0,0,0
1248,STPI,STANLIB Property Income Fund A,20100630,0,0,0,0.00,95.14,0,4.86,0,0,0,0
748,LIQA,STANLIB Quants Fund A,20100630,22.38,15.29,32.76,0.00,2.15,14.84,23.19,0.04,0,0,0
20,GDBR,STANLIB Resources Fund R,20100630,97.4,0,0,0.00,0,0,0.38,0,0,0,0
20,LIRA,STANLIB Resources Fund A,20100630,97.4,0,0,0.00,0,0,0.38,0,0,0,0
71,GDBT,STANLIB SA Equity Fund R,20100630,27.23,23.08,47.34,0.00,0,0,2.35,0,0,0,0
71,LIPA,STANLIB SA Equity Fund A,20100630,27.23,23.08,47.34,0.00,0,0,2.35,0,0,0,0
1977,STSEA,STANLIB Shari'ah Equity Fund A,20100630,34.3,0,44.72,0.00,0,0,20.98,0,0,0,0
231,GDSC,STANLIB Small Cap Fund A,20100630,7.59,12.4,61.74,10.53,0,0,7.73,0,0,0,0
231,SSFR,STANLIB Small Cap Fund R,20100630,7.59,12.4,61.74,10.53,0,0,7.73,0,0,0,0
773,STCF,STANLIB US Dollar Cash Fund of Funds A,20100630,0,0,0,0.00,0,0,5.75,0,24.49,0,69.75
657,LIVA,STANLIB Value Fund A,20100630,10.12,23.9,47.65,0.05,0,0,18.28,0,0,0,0
2031,SARBA,Stewart Absolute Return Blend Fund of Funds A,20100630,1.17,0.53,1.54,0.00,21.21,52.1,18.47,1.33,4.23,0,0.01
2030,SMEFA,Stewart Macro Equity Fund of Funds A,20100630,17.02,17.72,53.03,0.12,1.02,1.1,6.91,3.05,0.05,0,0.19
1962,MSFL,Stringfellow Flexible Fund of Funds ,20100630,19.01,16.64,41.78,0.15,0.78,0.99,5.76,11.95,1.86,0,1.28
1646,MSFS,Stringfellow Stable Fund of Funds ,20100630,10.86,7.72,17.49,0.03,18.28,17.37,16.76,9.06,0.5,0,1.97
1608,MSAP,Sygnia Alpha Plus Fund A,20100630,18.37,7.5,17.41,0.00,0,0,56.41,0,0,0,0
761,GABA,SYmmETRY Balanced Fund of Funds A,20100630,0,0,0,0.00,0,0,0.08,0,0,0,0
762,GADE,SYmmETRY Defensive Fund of Funds A,20100630,0,0,0,0.00,0,0,0.29,0,0,0,0
760,GAEU,SYmmETRY Equity Fund of Funds A,20100630,0,0,0,0.00,0,0,-0.02,0,0,0,0
763,GAFI,SYmmETRY Fixed Interest Fund of Funds A,20100630,0,0,0,0.00,0,99.91,0.08,0,0,0,0
764,GAMF,SYmmETRY Money Market Fund A,20100630,0,0,0,0.00,0,0,100,0,0,0,0
847,TRBF,Tri-Linear Balanced Fund ,20100630,20.37,9.7,26.57,0.29,1.15,13.4,20.58,6.81,0,0,1.55
843,TRCP,Tri-Linear Cash Plus Fund ,20100630,0,0,0,0.00,7.71,45.3,46.98,0,0,0,0
358,TREF,Tri-Linear Equity Fund ,20100630,34.04,18.66,41.93,0.56,0,0.44,4.8,0,0,0,0
1699,UBRU,Umbono Absolute Return Fund A,20100630,24.08,18.2,24.95,0.00,1.13,0,34.22,0,0,0,0
1698,UBUT,Umbono Balanced Fund A,20100630,21.29,19.05,26.86,0.00,4.4,15.01,11.9,1.2,0,0,0
1700,UCMF,Umbono Core Managed Fund of Funds ,20100630,15,12.34,17.18,0.00,1.86,5.09,48.85,0.4,0,0,0
1701,UMFF,Umbono Moderate Managed Fund of Funds ,20100630,21.63,18.52,25.94,0.00,3.52,11.04,18.9,0.88,0,0,0
1702,USFF,Umbono Stable Managed Fund of Funds ,20100630,21.02,16.63,23,0.00,1.85,3.82,34.98,0.3,0,0,0
1716,VAAF,ValuGro Active Allocation Fund ,20100630,11.14,4.56,24.4,0.00,0,0,1.57,48.84,0,0,9.48
1519,VAGE,ValuGro General Equity Fund ,20100630,34.7,16.44,44.45,0.00,2.1,0,2.3,0,0,0,0
1518,VAPF,ValuGro Property Fund ,20100630,0,0,0,0.00,94.74,0,5.25,0,0,0,0
2160,VGEF,Vega General Equity Fund ,20100630,13.96,28.95,51.2,0.46,2.04,0,3.37,0,0,0,0
2166,MVLI,Verso Long Term International Equity Fund of Funds A,20100630,0,0,0,0.00,0,0,1.95,98.02,0,0,0.01
2164,MVLT,Verso Long Term SA Equity Fund ,20100630,23.18,24.04,37.07,0.03,2.85,0.37,13.85,0,0,0,0
2165,MVMM,Verso Money Market Fund ,20100630,0,0,0,0.00,0,0,100,0,0,0,0
1465,MIBG,Verso Multi-Manager Balanced Growth Fund of Funds A,20100630,12.45,12.94,19.91,0.02,6.92,7.73,22.38,18.01,0.53,0,-0.18
1466,MIIP,Verso Multi-Manager Income Planner Fund of Funds A,20100630,0,-3.77,0,0.00,5.61,33.82,57.82,0,1.62,0,4.9
1484,MIMM,Verso Multi-Manager Managed Equity Fund of Funds A,20100630,12.02,12.05,19.19,0.02,6.47,4.18,29.27,17.15,0.5,0,-0.18
1428,MISG,Verso Multi-Manager Secure Growth Fund of Funds A,20100630,5.26,3.33,8.41,0.01,5.27,19.19,40.18,12.41,1.87,0,4.39
1406,MBVA,Visio Actinio Portfolio ,20100630,16.59,12.9,49.12,0.70,0,0,5.55,3.04,8.21,0,4.52
2135,VPCFC,VPFP CPI Plus 2% Fund of Funds A,20100630,5.58,2.06,7.55,0.00,7.71,36.6,25.54,0,12.03,0,-0.34
2136,VPCFF,VPFP CPI Plus 4% Fund of Funds A,20100630,10.59,3.9,12.94,0.00,3.42,27.34,25.28,11.81,0.73,0,-0.26
2137,VPCFU,VPFP CPI Plus 6% Fund of Funds A,20100630,17.96,6.65,23.7,0.00,4.31,14.21,14.29,12.88,0.52,0,-0.18
2243,MXBA,Xcede Balanced Fund of Funds ,20100630,2.51,24.96,4.24,0.00,8.09,5.67,34.06,9.37,0.84,0,1.11
2242,MXCO,Xcede Conservative Fund of Funds ,20100630,1.4,15.05,2.69,0.00,10.46,10.29,48.99,5.27,0.46,0,0.63
2241,MXPR,Xcede Property Fund ,20100630,0,0,0,0.00,93.94,0,6.05,0,0,0,0
1526,MXMB,Xhilarator Multi-SA Balanced Fund of Funds A,20100630,0,0.4,0,0.00,0,2.82,92.47,0,7.37,0,-2.67
1525,MXMF,Xhilarator Multi-SA Flexible Fund of Funds A,20100630,0,0.41,0,0.00,0,2.84,92.43,0,7.41,0,-2.68
2185,ZGOVI,Zshares GOVI Exchange Traded Fund ,20100630,0,0,0,0.00,0,99.99,0.01,0,0,0,0
